area,rating,price,pool,garden,outdoor,play_area,family,single,property_type_apartment,property_type_camp,property_type_chalet,property_type_farm,property_type_resort
148,10.0,500,1,0,0,0,0,0,1,0,0,0,0
148,10.0,500,1,0,0,0,0,0,0,0,1,0,0
148,10.0,500,1,0,1,0,0,0,0,0,1,0,0
148,10.0,500,0,1,1,0,0,0,0,0,1,0,0
450,9.5,450,1,0,1,0,0,0,0,0,1,0,0
450,9.5,650,1,0,1,0,0,0,0,0,1,0,0
265,10.0,1500,0,0,1,0,0,0,1,0,0,0,0
1500,9.7,1200,1,0,0,0,0,0,0,0,0,1,0
200,10.0,800,0,0,1,0,0,0,0,0,1,0,0
500,6.8,1700,1,0,1,0,0,0,0,0,1,0,0
1000,5.1,700,0,0,1,0,0,0,0,1,0,0,0
350,8.6,400,1,0,1,0,0,0,0,0,1,0,0
1000,8.5,599,0,0,0,0,0,0,0,1,0,0,0
1500,8.5,599,0,0,1,0,0,0,0,1,0,0,0
1000,8.5,599,0,0,1,0,0,0,0,1,0,0,0
300,8.6,650,1,0,1,0,1,0,0,0,1,0,0
400,8.1,1000,0,0,0,0,0,0,1,0,0,0,0
2000,9.9,900,0,0,1,0,0,0,0,1,0,0,0
300,8.6,400,0,0,1,0,0,0,0,0,1,0,0
1000,8.5,599,0,0,0,0,0,0,0,1,0,0,0
450,9.3,880,0,0,1,0,1,0,0,0,1,0,0
405,9.4,500,1,0,0,0,0,0,0,0,1,0,0
15000,8.3,468,0,0,1,0,0,0,0,1,0,0,0
250000,9.8,2500,0,0,0,1,0,0,0,0,1,0,0
1200,9.8,800,0,0,0,1,0,0,0,0,0,0,1
1200,9.8,800,0,0,0,1,0,0,0,0,1,0,0
1200,9.8,800,0,0,0,1,0,0,0,0,1,0,0
1200,9.8,800,0,0,0,1,0,0,0,0,1,0,0
1200,9.8,800,0,0,1,1,0,0,0,0,1,0,0
400,10.0,1445,0,0,1,0,0,0,0,0,1,0,0
900,9.7,450,0,0,1,0,0,0,0,1,0,0,0
350,7.6,500,1,0,0,0,0,0,1,0,0,0,0
200,10.0,1500,0,0,0,0,0,0,1,0,0,0,0
300,9.5,1170,1,0,0,0,0,0,0,0,1,0,0
350,7.4,350,0,0,1,1,1,0,0,0,1,0,0
550,7.7,450,0,0,1,0,1,0,0,0,1,0,0
1200,10.0,1850,0,0,1,0,0,0,0,0,0,1,0
7500,0.0,400,0,0,1,0,0,0,0,1,0,0,0
7000,0.0,2500,0,0,0,0,0,0,0,1,0,0,0
78,0.0,1500,0,0,0,0,0,0,1,0,0,0,0
3000,0.0,1500,0,0,1,0,0,0,0,1,0,0,0
250,0.0,750,0,1,0,1,0,0,0,0,1,0,0
20000,0.0,1000,0,0,1,0,1,0,0,1,0,0,0
2000,0.0,600,0,0,0,1,0,0,0,1,0,0,0
5000,0.0,500,0,0,1,0,0,0,0,1,0,0,0
1000,0.0,800,0,0,1,0,0,0,0,1,0,0,0
1000,0.0,800,0,0,1,0,0,0,0,1,0,0,0
250,0.0,650,0,0,0,0,0,0,1,0,0,0,0
10000,0.0,600,0,0,1,0,0,0,0,1,0,0,0
10000,0.0,600,0,0,0,0,0,0,0,1,0,0,0
10000,0.0,600,0,0,0,0,0,0,0,1,0,0,0
10000,0.0,1100,0,0,0,0,0,0,0,1,0,0,0
10000,0.0,1100,0,0,0,1,0,0,0,1,0,0,0
750,0.0,1020,0,0,0,0,0,0,0,0,1,0,0
260,8.8,400,0,0,1,0,1,0,0,0,1,0,0
800,8.6,800,0,0,1,1,1,0,0,0,1,0,0
250,8.7,612,0,1,1,0,0,0,0,0,1,0,0
300,7.1,400,1,0,1,0,0,0,0,0,1,0,0
3000,9.3,800,0,1,0,1,0,0,0,0,1,0,0
625,9.6,600,0,1,1,0,0,0,0,0,1,0,0
300,0.0,400,0,0,1,0,0,0,0,0,1,0,0
300,0.0,350,0,1,1,0,0,0,0,0,1,0,0
400,0.0,250,0,1,0,0,1,0,0,1,0,0,0
20000,0.0,1445,0,0,1,0,0,0,0,1,0,0,0
20000,0.0,1500,0,0,1,0,0,0,0,1,0,0,0
5000,0.0,632,0,0,1,0,0,0,0,1,0,0,0
1500,0.0,1700,0,0,0,0,0,0,0,1,0,0,0
390,10.0,500,0,0,1,0,1,0,0,0,1,0,0
320,0.0,3160,0,0,1,0,0,0,0,0,1,0,0
3000,9.5,1000,0,0,1,0,0,0,0,1,0,0,0
1500,0.0,700,0,0,1,0,0,0,0,1,0,0,0
750,0.0,500,0,1,0,0,0,0,0,0,0,1,0
400,0.0,600,0,0,1,0,0,0,0,1,0,0,0
1500,0.0,540,0,0,1,0,0,0,0,1,0,0,0
1500,0.0,540,0,0,0,0,0,0,0,1,0,0,0
350,8.2,900,0,0,1,0,1,0,0,0,1,0,0
350,9.1,890,0,0,1,0,0,0,0,0,1,0,0
420,9.2,450,0,1,0,0,1,0,0,0,1,0,0
250,7.2,499,1,0,0,0,0,0,1,0,0,0,0
7000,10.0,2500,0,0,1,0,0,0,0,1,0,0,0
350,9.9,450,1,1,0,0,0,0,0,0,1,0,0
260,9.8,1100,1,0,1,0,0,0,0,0,1,0,0
15000,8.3,468,0,0,0,1,0,0,0,1,0,0,0
8000,10.0,1710,0,0,1,0,0,0,0,1,0,0,0
5000,0.0,1000,0,0,1,0,0,0,0,1,0,0,0
750,0.0,750,0,0,1,0,0,0,0,1,0,0,0
312,8.6,500,0,1,1,0,0,0,0,0,1,0,0
400,8.6,850,0,1,0,0,0,0,0,0,0,0,1
410,9.7,700,1,1,0,0,0,0,0,0,1,0,0
1200,10.0,1000,1,0,1,0,0,0,0,0,1,0,0
420,9.0,500,0,1,1,0,0,0,0,0,1,0,0
500,7.2,900,1,0,1,0,0,0,0,0,1,0,0
420,0.0,800,1,0,1,0,0,0,0,0,1,0,0
1000,9.3,400,0,0,1,0,0,0,0,1,0,0,0
1000,0.0,1200,0,0,1,0,0,0,0,1,0,0,0
1500,0.0,540,0,0,1,0,0,0,0,1,0,0,0
12000,0.0,450,0,0,1,0,0,0,0,1,0,0,0
300,0.0,500,1,0,0,0,0,0,0,0,1,0,0
550,0.0,966,0,1,0,0,0,0,0,0,1,0,0
420,0.0,800,0,1,0,1,0,0,0,0,1,0,0
3000,0.0,1500,0,0,1,0,0,0,0,1,0,0,0
10000,0.0,2000,0,0,1,0,0,0,0,1,0,0,0
500,6.6,499,0,1,0,1,0,0,0,0,1,0,0
300,8.6,400,0,1,1,0,0,0,0,0,1,0,0
800,9.3,500,0,0,1,0,0,0,0,0,1,0,0
20000,9.8,1600,0,0,1,0,0,0,0,1,0,0,0
400,8.4,850,1,0,1,0,0,0,0,0,1,0,0
250,9.6,500,1,0,1,0,0,0,0,0,1,0,0
250,0.0,800,1,1,0,0,0,0,0,0,1,0,0
250,0.0,800,1,0,1,0,0,0,0,0,1,0,0
250,0.0,800,1,1,0,0,0,0,0,0,1,0,0
300,0.0,400,0,1,0,0,1,0,0,0,1,0,0
400,7.2,1000,0,0,1,0,1,0,0,0,1,0,0
300,6.6,399,1,1,0,0,0,0,0,0,1,0,0
200,8.0,300,0,0,1,0,1,0,0,0,1,0,0
250,7.2,450,0,1,0,1,0,0,0,0,1,0,0
1500,8.4,700,1,0,0,1,0,0,0,0,1,0,0
300,8.6,400,1,1,0,0,0,0,0,0,1,0,0
1250,8.1,299,1,0,0,1,0,0,0,0,1,0,0
200,5.3,750,0,1,0,0,0,0,0,0,1,0,0
250,8.2,450,1,0,0,1,1,0,0,0,1,0,0
1800,9.1,500,0,1,0,0,0,0,0,0,0,1,0
900,9.1,1760,1,0,0,1,0,0,0,0,0,0,1
750,9.0,900,0,0,1,0,1,0,0,0,0,1,0
50000,0.0,500,0,0,0,0,0,0,0,0,0,1,0
250,0.0,2500,0,0,1,0,1,0,0,0,1,0,0
4000,0.0,5000,0,0,0,0,0,0,0,0,0,1,0
500,0.0,2000,0,1,0,0,0,0,0,1,0,0,0
1500,0.0,540,0,0,1,0,0,0,0,1,0,0,0
4000,0.0,1500,0,0,1,0,1,0,0,1,0,0,0
3500,0.0,1500,0,0,1,0,1,0,0,1,0,0,0
1000,0.0,900,0,0,1,0,0,0,0,1,0,0,0
400,0.0,874,0,0,1,0,0,0,1,0,0,0,0
400,0.0,874,1,1,0,0,0,0,0,0,1,0,0
500,0.0,800,0,0,0,1,0,0,0,1,0,0,0
1200,0.0,1200,1,0,1,0,0,0,0,0,1,0,0
10000,0.0,495,0,0,1,0,0,0,0,1,0,0,0
250,0.0,2500,0,0,0,0,1,0,1,0,0,0,0
250,0.0,2500,0,0,0,0,1,0,0,0,1,0,0
250,0.0,2500,0,0,0,0,1,0,0,0,1,0,0
250,0.0,2500,0,0,0,0,1,0,0,0,1,0,0
250,0.0,2500,0,0,1,0,1,0,0,0,1,0,0
250,0.0,2500,0,0,0,0,1,0,0,0,1,0,0
250,0.0,2500,0,0,0,0,1,0,0,0,1,0,0
250,0.0,2500,0,0,0,0,1,0,1,0,0,0,0
250,0.0,2500,0,0,1,0,1,0,0,0,1,0,0
1000,0.0,1000,0,0,0,1,0,0,0,1,0,0,0
20000,0.0,1800,0,0,0,1,1,0,0,1,0,0,0
5000,0.0,1600,0,0,0,1,0,0,0,1,0,0,0
7000,0.0,1100,0,0,0,0,0,0,0,1,0,0,0
2500,0.0,900,0,1,0,0,0,0,0,1,0,0,0
1000,0.0,400,0,0,0,0,0,0,0,1,0,0,0
300,8.5,700,0,0,0,0,0,0,0,0,1,0,0
750,8.4,600,0,0,1,1,1,0,0,0,1,0,0
400,8.8,600,1,0,1,0,1,0,0,0,1,0,0
400,8.8,600,1,0,1,0,1,0,0,0,1,0,0
300,8.2,300,0,1,0,0,1,0,0,0,1,0,0
410,9.7,700,1,0,1,0,0,0,0,0,1,0,0
250,7.8,450,0,0,0,0,0,0,1,0,0,0,0
450,9.9,500,0,1,1,0,0,0,0,0,1,0,0
20000,10.0,1500,0,0,1,1,0,0,0,1,0,0,0
350,8.3,350,1,0,1,0,0,0,0,0,1,0,0
425,5.5,1700,1,1,1,0,0,0,0,0,1,0,0
350,9.9,450,0,0,1,1,0,0,0,0,1,0,0
7000,0.0,800,0,0,1,0,0,0,0,1,0,0,0
700,0.0,2000,0,0,1,0,0,0,0,0,1,0,0
148,0.0,500,1,0,0,0,0,0,0,0,1,0,0
4250,0.0,500,0,0,1,0,0,0,0,1,0,0,0
1000,0.0,1000,0,0,1,0,0,0,0,1,0,0,0
5000,0.0,840,0,0,0,0,0,0,0,1,0,0,0
10000,0.0,1800,0,0,1,0,0,0,0,1,0,0,0
2000,0.0,1800,0,0,1,1,0,0,0,1,0,0,0
320,8.3,900,0,0,1,0,1,0,0,0,1,0,0
250,8.3,550,1,0,0,1,1,0,0,0,1,0,0
400,6.6,499,1,0,1,0,0,0,0,0,1,0,0
200,8.0,300,0,1,0,1,1,0,0,0,1,0,0
500,9.4,2700,1,0,0,0,0,0,0,0,0,0,1
430,9.0,800,0,0,1,0,0,0,0,0,1,0,0
250,7.2,450,1,0,1,0,0,0,0,0,1,0,0
370,8.3,800,0,0,1,0,1,0,0,0,0,0,1
400,8.2,450,0,0,1,0,1,0,0,0,1,0,0
1400,8.9,850,0,0,1,1,0,0,0,0,1,0,0
450,7.1,600,0,0,1,0,0,0,0,0,1,0,0
600,10.0,2000,1,0,1,0,1,0,0,0,1,0,0
450,9.1,350,0,1,0,1,0,0,0,0,0,1,0
450,10.0,1360,0,0,1,0,0,0,0,0,1,0,0
2300,10.0,1000,0,1,1,0,0,0,0,0,0,1,0
1500,10.0,750,0,1,1,0,0,0,0,0,1,0,0
500,8.0,500,0,1,1,0,0,0,0,0,1,0,0
450,7.2,500,1,0,1,0,0,0,0,0,1,0,0
460,10.0,700,1,0,0,1,0,0,0,0,1,0,0
10000,10.0,1000,0,0,1,1,0,0,0,0,0,1,0
350,10.0,660,1,0,1,0,0,0,0,0,1,0,0
500,9.4,505,1,0,1,0,0,0,0,0,1,0,0
2500,0.0,3500,0,0,1,0,0,0,0,1,0,0,0
330,10.0,700,1,0,1,0,0,0,0,0,0,1,0
3000,0.0,600,0,0,1,0,0,0,0,1,0,0,0
2200,0.0,2500,0,1,1,0,0,0,0,0,0,1,0
10000,0.0,495,0,0,1,0,0,0,0,1,0,0,0
300,6.6,399,1,0,1,0,0,0,0,0,1,0,0
200,8.0,300,0,1,1,0,1,0,0,0,1,0,0
170,8.8,400,0,0,1,0,1,0,0,0,1,0,0
1000,9.7,1600,0,0,1,1,0,0,0,0,1,0,0
1000,9.7,1600,0,1,1,0,0,0,0,0,1,0,0
400,8.8,600,1,1,0,0,1,0,0,0,1,0,0
300,9.6,500,0,0,1,1,0,0,0,0,1,0,0
1000,6.8,750,0,0,0,0,0,0,0,1,0,0,0
700,8.9,1200,0,1,1,0,0,0,0,0,0,1,0
450,8.8,700,1,1,0,0,1,0,0,0,1,0,0
400,8.8,499,1,1,0,0,1,0,0,0,1,0,0
470,9.6,600,1,1,0,0,1,0,0,0,1,0,0
1200,9.9,1500,0,1,0,0,1,0,0,0,0,1,0
250,8.8,700,1,0,1,0,0,0,0,0,1,0,0
500,8.9,950,0,0,1,0,1,0,0,0,1,0,0
650,9.8,1500,0,1,0,0,0,0,0,0,0,1,0
300,8.6,360,1,0,1,0,1,0,0,0,1,0,0
350,9.9,450,0,0,1,1,0,0,0,0,1,0,0
350,9.8,600,0,0,1,0,0,0,0,0,1,0,0
450,9.8,500,0,0,1,0,0,0,0,0,1,0,0
450,0.0,2500,0,0,1,0,1,0,0,0,1,0,0
400,0.0,900,0,1,1,0,0,0,0,0,1,0,0
400,0.0,874,1,0,1,0,0,0,0,0,1,0,0
1000,0.0,1000,0,0,0,1,0,0,0,1,0,0,0
1500,8.4,1000,0,0,0,0,1,0,0,0,0,1,0
320,8.3,900,0,0,1,1,1,0,0,0,1,0,0
1500,9.3,1790,0,1,0,0,0,0,0,0,1,0,0
400,9.4,1100,0,1,0,0,0,0,0,0,1,0,0
200,8.0,300,0,0,1,0,1,0,0,0,1,0,0
200,8.0,300,0,0,1,0,1,0,0,0,1,0,0
200,8.0,300,0,0,1,0,1,0,0,0,1,0,0
380,9.3,700,0,0,1,1,1,0,0,0,1,0,0
150,8.3,600,0,0,0,0,1,0,1,0,0,0,0
900,10.0,1500,0,1,0,0,1,0,0,0,0,1,0
400,9.4,700,0,1,1,0,0,0,0,0,1,0,0
330,9.0,1800,0,0,1,0,1,0,0,0,1,0,0
260,9.0,1600,0,0,1,0,1,0,0,0,1,0,0
10000,10.0,1500,0,0,1,1,0,0,0,1,0,0,0
20000,10.0,3000,0,0,0,1,0,0,0,1,0,0,0
750,10.0,5000,0,0,1,0,1,0,0,0,1,0,0
860,8.3,2500,1,0,1,0,1,0,0,0,1,0,0
500,9.3,500,1,0,0,0,1,0,0,0,1,0,0
500,9.3,500,1,0,1,0,1,0,1,0,0,0,0
600,10.0,2000,0,1,1,0,1,0,0,0,1,0,0
600,10.0,2000,1,0,0,0,1,0,0,0,1,0,0
600,10.0,2000,1,0,1,0,1,0,0,0,1,0,0
570,10.0,2000,1,0,0,0,1,0,0,0,1,0,0
570,10.0,2000,0,1,1,0,1,0,0,0,1,0,0
500,8.3,300,0,0,0,0,0,0,0,0,1,0,0
450,10.0,2200,1,0,1,0,0,0,0,0,1,0,0
400,10.0,550,1,0,1,0,0,0,0,0,1,0,0
400,10.0,550,1,0,1,0,0,0,0,0,1,0,0
450,10.0,2300,1,0,1,0,0,0,0,0,0,0,1
800,10.0,1000,0,1,1,0,0,0,0,0,1,0,0
3500,10.0,3500,0,1,0,0,0,0,0,0,0,1,0
700,10.0,800,1,0,1,0,0,0,0,0,0,1,0
450,10.0,700,1,1,0,1,1,0,0,0,1,0,0
450,10.0,700,1,0,1,0,1,0,0,0,1,0,0
2000,10.0,1000,1,1,0,0,0,0,0,0,0,1,0
1500,10.0,1100,1,1,0,0,0,0,0,0,1,0,0
1500,10.0,1100,1,0,1,0,0,0,0,0,1,0,0
1500,10.0,750,0,1,1,0,0,0,0,0,1,0,0
1700,10.0,750,1,1,0,0,0,0,0,0,1,0,0
20000,10.0,3000,1,0,0,0,0,0,0,0,0,0,1
375,10.0,1500,0,0,1,0,0,0,0,0,1,0,0
350,9.2,650,1,0,0,0,1,0,0,0,1,0,0
200,10.0,2000,0,0,0,0,0,0,0,0,1,0,0
400,10.0,1530,1,0,1,0,0,0,0,0,1,0,0
400,10.0,1445,0,0,1,0,0,0,0,0,1,0,0
450,10.0,2000,1,0,1,0,1,0,0,0,1,0,0
450,10.0,700,1,0,1,0,0,0,0,0,1,0,0
1500,10.0,1500,0,0,0,1,0,0,0,0,1,0,0
700,10.0,500,1,0,1,0,1,0,0,0,1,0,0
450,10.0,1000,0,0,1,1,0,0,0,0,1,0,0
300,10.0,750,1,1,0,0,1,0,0,0,1,0,0
300,10.0,750,1,0,1,0,1,0,0,0,1,0,0
300,10.0,750,1,1,0,0,0,0,0,0,1,0,0
240,10.0,800,1,0,1,0,0,0,0,0,1,0,0
1225,10.0,1000,0,1,0,0,0,0,0,0,0,1,0
320,10.0,660,0,1,1,0,0,0,0,0,1,0,0
390,10.0,700,0,1,1,0,0,0,0,0,0,1,0
350,0.0,600,0,1,1,0,0,0,0,0,1,0,0
350,0.0,500,0,1,1,0,0,0,0,0,1,0,0
800,0.0,1045,1,0,0,0,1,0,0,0,0,1,0
2000,0.0,1500,0,1,1,0,0,0,0,0,1,0,0
2000,0.0,850,0,0,1,0,0,0,0,1,0,0,0
480,7.7,490,0,0,1,0,0,0,0,0,1,0,0
1500,9.3,1590,0,1,0,0,0,0,0,0,1,0,0
450,8.7,700,1,1,0,0,0,0,0,0,1,0,0
1000,9.7,1600,0,1,1,0,0,0,0,0,1,0,0
1000,9.7,1600,0,0,1,1,0,0,0,0,1,0,0
1700,9.5,1600,0,1,1,0,1,0,0,0,0,1,0
500,8.6,550,0,0,1,0,0,0,0,0,1,0,0
700,7.9,1500,1,0,1,0,0,0,0,0,1,0,0
2500,8.8,1500,0,1,1,0,1,0,0,0,1,0,0
800,8.6,800,0,1,1,0,1,0,0,0,1,0,0
300,9.6,550,1,0,1,0,0,0,0,0,1,0,0
300,8.7,600,0,0,1,0,1,0,0,0,1,0,0
450,9.8,2600,0,0,0,0,1,0,0,0,1,0,0
450,9.8,2600,0,0,0,0,0,0,0,0,0,1,0
400,8.8,399,1,0,0,1,1,0,0,0,1,0,0
500,9.5,1250,1,0,0,1,0,0,0,0,1,0,0
500,9.5,1250,0,1,1,0,1,0,0,0,1,0,0
500,9.5,1250,0,0,1,1,1,0,0,0,1,0,0
500,9.5,1250,1,0,0,1,1,0,0,0,1,0,0
900,9.7,4700,1,0,0,0,0,0,0,0,1,0,0
600,8.7,650,1,0,0,1,0,0,0,0,1,0,0
250,8.8,600,0,1,0,0,1,0,0,0,1,0,0
300,8.9,300,0,1,0,0,0,0,0,0,1,0,0
300,8.9,300,1,0,1,0,0,0,0,0,1,0,0
300,8.9,300,1,0,1,0,0,0,0,0,1,0,0
300,8.9,300,1,1,0,0,0,0,0,0,1,0,0
200,7.9,550,0,0,0,0,1,0,0,0,1,0,0
3000,9.9,810,0,0,0,0,1,0,0,1,0,0,0
700,9.0,1000,1,0,0,0,0,0,0,0,1,0,0
350,9.8,1200,0,0,1,0,0,0,0,0,1,0,0
5000,9.5,2000,0,1,0,0,0,0,0,0,0,1,0
600,9.9,800,0,1,0,1,1,0,0,0,1,0,0
600,8.7,900,1,1,1,0,0,0,0,0,1,0,0
3600,9.8,15000,0,0,1,0,0,0,0,0,0,1,0
300,9.9,900,1,0,1,0,1,0,0,0,1,0,0
300,9.9,1200,1,0,1,0,1,0,0,0,1,0,0
450,9.8,950,1,0,1,0,0,0,0,0,1,0,0
750,9.9,1000,1,0,1,0,1,0,0,0,0,1,0
2000,9.8,1500,0,1,0,1,0,0,0,0,0,1,0
3300,9.5,1200,0,1,0,0,0,0,0,0,0,1,0
350,9.8,600,1,0,1,0,0,0,0,0,1,0,0
300,9.8,600,1,0,1,0,0,0,0,0,1,0,0
300,9.8,600,0,1,1,0,0,0,0,0,1,0,0
250,9.6,500,0,0,1,0,0,0,0,0,1,0,0
315,7.0,500,1,0,1,0,0,0,0,0,1,0,0
300,8.6,500,1,0,1,0,0,0,0,0,1,0,0
450,9.8,500,0,0,1,0,0,0,0,0,1,0,0
450,9.8,500,0,0,1,1,0,0,0,0,1,0,0
450,9.8,500,0,0,1,0,0,0,0,0,1,0,0
450,9.8,500,0,0,1,0,0,0,0,0,1,0,0
4500,0.0,650,0,0,1,0,0,0,0,1,0,0,0
600,0.0,800,0,0,1,0,0,0,0,1,0,0,0
5000,0.0,632,0,0,1,0,0,0,0,1,0,0,0
430,8.5,450,0,1,1,0,1,0,0,0,1,0,0
320,8.3,1000,0,1,0,0,1,0,0,0,1,0,0
300,8.0,400,0,1,1,0,1,0,0,0,1,0,0
300,8.0,400,0,0,1,1,1,0,0,0,1,0,0
200,8.0,300,0,0,1,0,1,0,0,0,1,0,0
300,9.1,790,0,0,0,0,0,0,1,0,0,0,0
320,8.0,1000,0,0,1,0,1,0,0,0,1,0,0
900,9.0,700,0,1,0,0,0,0,0,0,0,1,0
500,9.3,1085,0,0,0,0,1,0,0,0,1,0,0
200,7.9,550,0,0,0,0,1,0,0,1,0,0,0
600,7.2,499,1,1,0,0,0,0,0,0,1,0,0
300,8.0,550,1,0,0,1,0,0,0,0,1,0,0
450,9.1,750,1,0,1,0,0,0,0,0,1,0,0
600,8.1,800,0,0,1,0,1,0,0,0,1,0,0
300,8.2,300,0,0,1,1,1,0,0,0,1,0,0
350,8.2,450,0,1,0,1,1,0,0,0,1,0,0
400,8.0,700,1,0,1,0,0,0,0,0,1,0,0
300,8.2,900,0,0,1,0,1,0,0,0,1,0,0
300,8.2,990,0,0,0,1,1,0,0,0,1,0,0
500,9.3,950,0,1,1,0,1,0,1,0,0,0,0
300,9.0,600,0,0,1,1,0,0,0,1,0,0,0
500,9.3,950,0,0,1,1,1,0,0,0,1,0,0
450,8.2,2000,0,0,1,0,0,0,0,0,0,1,0
4000,9.2,988,0,0,0,0,1,0,0,1,0,0,0
450,9.3,950,0,1,0,0,1,0,0,0,1,0,0
350,9.0,2000,0,1,0,0,1,0,0,0,1,0,0
240,9.0,1400,0,0,0,1,1,0,0,0,1,0,0
700,7.2,550,1,0,1,0,0,0,0,0,1,0,0
500,9.3,700,1,1,0,0,1,0,0,0,1,0,0
500,9.3,600,0,1,0,0,1,0,0,0,1,0,0
450,9.3,1500,1,0,1,0,1,0,0,0,1,0,0
450,9.3,1500,1,0,0,0,1,0,0,0,1,0,0
450,9.3,1500,1,1,0,0,1,0,0,0,1,0,0
450,9.3,1500,1,0,0,0,1,0,0,0,1,0,0
450,9.3,1500,1,0,1,0,1,0,0,0,1,0,0
450,9.3,2500,0,1,0,0,1,0,0,0,1,0,0
420,9.0,500,0,1,1,0,1,0,0,0,1,0,0
350,7.4,550,1,0,0,0,1,0,0,0,1,0,0
250,8.2,450,1,0,1,0,1,0,0,0,1,0,0
6000,9.0,900,0,0,1,0,0,0,0,1,0,0,0
6000,9.0,900,0,0,1,1,0,0,0,1,0,0,0
750,9.0,600,0,1,0,0,0,0,0,0,0,1,0
270,8.0,880,0,1,0,0,0,0,0,0,1,0,0
450,9.1,350,0,1,0,0,0,0,0,0,0,1,0
600,8.0,400,1,0,0,1,0,0,0,0,1,0,0
200,8.1,600,1,1,0,0,1,0,0,0,1,0,0
350,9.2,800,1,0,0,0,0,0,0,0,1,0,0
350,9.2,800,1,0,0,0,1,0,0,0,1,0,0
350,9.2,800,1,0,0,0,1,0,1,0,0,0,0
350,9.2,650,1,0,0,0,1,0,1,0,0,0,0
350,9.2,650,1,0,0,0,1,0,0,0,1,0,0
350,9.2,650,1,0,0,0,1,0,0,0,1,0,0
350,9.2,650,1,0,0,0,1,0,1,0,0,0,0
500,9.3,2000,1,0,1,0,0,0,0,0,1,0,0
300,8.1,400,0,0,1,0,0,0,0,0,1,0,0
750,9.9,1000,0,1,0,0,1,0,0,0,0,1,0
2000,8.0,1300,0,1,1,0,0,0,0,0,0,1,0
750,9.0,600,0,1,0,0,0,0,0,0,0,1,0
2500,9.3,600,0,0,0,1,0,0,0,0,0,1,0
2500,9.3,600,0,0,1,1,0,0,0,0,0,1,0
300,9.3,800,0,1,0,1,1,0,0,0,1,0,0
320,8.0,500,1,0,1,0,0,0,0,0,1,0,0
400,9.0,440,1,0,0,1,0,0,0,0,1,0,0
350,9.8,750,1,0,1,0,0,0,0,0,1,0,0
450,9.8,500,0,0,1,1,0,0,0,0,1,0,0
7000,0.0,700,0,0,1,1,0,0,0,1,0,0,0
800,0.0,1500,1,0,1,0,0,0,0,0,1,0,0
400,0.0,700,0,1,0,1,1,0,0,0,1,0,0
400,0.0,700,1,0,1,1,1,0,0,0,1,0,0
400,0.0,700,0,1,1,0,1,0,0,0,1,0,0
480,7.7,490,0,1,1,0,0,0,0,0,1,0,0
400,8.6,1150,1,0,1,0,1,0,0,0,1,0,0
400,8.6,1150,0,0,0,0,1,0,0,0,0,0,1
400,8.6,1150,0,1,1,0,1,0,0,0,1,0,0
600,8.6,1400,0,0,1,0,1,0,0,0,1,0,0
500,7.9,632,1,0,1,0,0,0,0,0,1,0,0
500,7.9,632,0,1,1,0,1,0,0,0,1,0,0
500,7.9,792,1,1,0,0,0,0,0,0,1,0,0
600,7.9,700,1,1,0,0,1,0,0,0,1,0,0
450,8.7,700,0,1,1,0,0,0,0,0,1,0,0
2000,8.8,1500,0,1,1,0,1,0,0,0,1,0,0
550,8.6,900,1,0,1,0,1,0,0,0,1,0,0
1400,8.9,850,0,0,0,0,0,0,0,0,1,0,0
420,7.8,550,1,1,1,0,0,0,0,0,1,0,0
300,7.9,900,0,0,1,1,1,0,0,0,1,0,0
600,8.9,2500,0,0,1,0,0,0,0,0,1,0,0
450,8.5,550,0,0,0,1,0,0,0,0,1,0,0
400,8.8,600,0,0,1,0,1,0,0,0,1,0,0
250,8.8,500,0,1,0,1,1,0,0,0,1,0,0
1000,8.8,800,0,0,0,1,0,0,0,0,1,0,0
2000,7.6,1000,0,0,0,0,0,0,0,0,0,1,0
300,8.2,500,1,0,1,0,1,0,0,0,1,0,0
320,7.9,500,1,0,1,0,1,0,0,0,1,0,0
170,8.6,300,1,0,1,0,0,0,0,0,1,0,0
10000,8.8,1350,1,0,0,1,0,0,0,0,1,0,0
420,9.0,500,1,0,1,0,1,0,0,0,1,0,0
3000,8.9,1000,0,0,0,1,0,0,0,1,0,0,0
1250,8.1,299,1,0,0,1,0,0,0,0,1,0,0
2500,8.9,855,0,0,0,1,0,0,0,0,0,1,0
450,8.8,2000,0,0,1,0,0,0,0,0,1,0,0
600,8.0,300,0,1,0,1,0,0,0,0,1,0,0
450,8.5,500,1,0,0,0,0,0,0,0,1,0,0
600,8.5,500,1,0,1,0,0,0,0,0,1,0,0
2000,8.9,999,1,1,0,0,0,0,0,0,0,1,0
600,8.5,500,1,0,1,0,0,0,0,0,1,0,0
312,9.2,406,1,0,0,0,0,0,0,0,1,0,0
400,8.6,600,1,0,1,0,0,0,0,0,1,0,0
450,9.8,650,1,0,1,0,0,0,0,0,1,0,0
5000,0.0,700,0,0,1,0,0,0,0,1,0,0,0
80,0.0,500,0,1,1,0,0,0,0,0,1,0,0
3500,0.0,450,0,0,1,0,0,0,0,0,0,1,0
3000,0.0,800,0,0,1,0,0,0,0,1,0,0,0
350,8.2,900,0,0,1,1,1,0,0,0,1,0,0
350,8.2,900,1,0,1,0,1,0,0,0,1,0,0
550,8.0,900,1,0,0,1,1,0,0,0,1,0,0
550,8.0,900,1,1,1,0,1,0,0,0,1,0,0
550,8.0,900,1,1,0,0,1,0,0,0,1,0,0
550,8.0,900,1,1,0,0,1,0,0,0,1,0,0
550,8.0,900,0,1,1,0,1,0,0,0,1,0,0
550,8.0,900,0,0,1,1,1,0,0,0,1,0,0
550,8.0,900,1,0,0,1,1,0,0,0,1,0,0
550,8.0,900,0,1,0,1,1,0,0,0,1,0,0
300,7.0,400,0,1,0,0,0,0,0,0,1,0,0
900,6.9,1500,0,1,0,0,1,0,0,0,1,0,0
280,8.3,650,0,1,1,0,1,0,0,0,1,0,0
280,8.3,700,1,0,1,0,1,0,0,0,1,0,0
300,8.3,650,0,1,0,0,1,0,0,0,1,0,0
750,8.4,700,0,1,0,0,1,0,0,0,1,0,0
750,8.4,700,0,0,0,0,1,0,0,0,1,0,0
750,8.4,600,0,1,1,0,1,0,0,0,1,0,0
400,8.0,500,0,1,1,0,1,0,0,0,1,0,0
400,8.0,500,0,0,1,0,1,0,0,0,1,0,0
400,8.0,500,1,0,1,0,1,0,0,0,1,0,0
300,8.0,400,0,1,0,1,1,0,0,0,1,0,0
300,8.0,400,0,0,1,1,1,0,0,0,1,0,0
300,8.0,400,0,1,1,0,1,0,0,0,1,0,0
350,8.0,400,1,0,1,0,1,0,0,0,1,0,0
300,8.0,400,0,1,1,0,1,0,0,0,1,0,0
350,8.0,400,0,0,1,1,1,0,0,0,1,0,0
350,8.0,400,0,1,1,0,1,0,0,0,1,0,0
300,8.0,400,1,1,0,0,1,0,0,0,1,0,0
300,8.0,400,0,1,1,0,1,0,0,0,1,0,0
350,8.0,400,1,0,1,0,1,0,0,0,1,0,0
300,8.0,400,1,0,1,0,1,0,0,0,1,0,0
300,8.0,400,0,1,0,0,1,0,0,0,1,0,0
400,8.0,650,0,0,1,1,1,0,0,0,1,0,0
200,8.0,300,0,1,0,1,1,0,0,0,1,0,0
200,8.0,300,0,1,1,0,1,0,0,0,1,0,0
200,8.0,300,0,0,1,1,1,0,0,0,1,0,0
320,8.0,1000,0,0,1,0,1,0,1,0,0,0,0
320,8.0,1000,0,0,0,0,1,0,1,0,0,0,0
320,8.0,1000,0,0,0,0,1,0,1,0,0,0,0
480,8.0,1000,0,1,0,0,1,0,0,0,1,0,0
400,8.0,900,0,0,1,0,1,0,0,0,1,0,0
560,8.0,1000,0,0,1,0,1,0,0,0,1,0,0
350,8.0,800,1,0,1,0,1,0,0,0,1,0,0
560,8.0,1000,0,1,0,0,1,0,0,0,1,0,0
350,8.0,800,0,0,1,0,1,0,0,0,1,0,0
250,6.3,450,0,0,1,0,1,0,0,0,1,0,0
300,8.1,1160,0,0,1,0,1,0,0,0,0,0,1
300,8.1,1160,0,1,1,0,1,0,0,0,0,0,1
300,8.1,1160,0,0,0,0,1,0,0,0,0,0,1
350,6.6,750,0,1,0,0,1,0,0,0,1,0,0
450,7.0,800,0,1,0,1,0,0,0,0,1,0,0
400,8.0,650,0,1,0,1,0,0,0,0,1,0,0
350,8.0,550,1,0,1,0,0,0,0,0,1,0,0
290,8.3,700,1,0,1,0,1,0,0,0,1,0,0
600,8.1,800,0,0,1,0,1,0,0,0,1,0,0
600,8.1,800,0,0,1,0,1,0,0,0,1,0,0
600,8.1,800,0,0,1,0,1,0,0,0,1,0,0
600,8.1,800,1,0,1,0,1,0,0,0,1,0,0
600,8.1,800,0,0,1,0,1,0,0,0,1,0,0
600,8.1,800,0,0,1,0,1,0,0,0,1,0,0
600,8.1,800,0,0,0,0,1,0,0,0,1,0,0
600,8.1,800,0,1,1,0,1,0,0,0,1,0,0
300,8.2,300,1,0,0,1,1,0,0,0,1,0,0
450,8.2,2000,0,0,1,0,0,0,0,0,0,1,0
1000,10.0,900,0,1,0,0,1,0,0,0,0,1,0
1000,7.4,800,0,0,0,0,0,0,0,0,0,1,0
250,7.2,450,0,0,0,0,0,0,0,0,1,0,0
2000,8.1,900,0,0,0,1,0,0,0,0,0,1,0
460,7.0,800,0,0,1,0,1,0,0,0,1,0,0
2800,9.5,1200,1,0,1,0,0,0,0,0,0,1,0
220,8.1,600,0,0,1,0,1,0,0,0,1,0,0
450,8.3,600,0,1,0,0,0,0,0,0,1,0,0
450,8.3,600,1,0,0,0,0,0,0,0,1,0,0
450,8.3,600,0,1,0,0,0,0,0,0,1,0,0
1250,8.1,299,1,0,0,1,0,0,0,0,1,0,0
1250,8.1,299,0,0,0,1,0,0,0,0,1,0,0
280,8.2,550,0,1,1,0,1,0,0,0,1,0,0
250,8.2,450,1,0,1,0,1,0,0,0,1,0,0
1250,8.1,299,1,1,0,0,0,0,0,0,1,0,0
300,7.1,400,1,1,1,0,0,0,0,0,1,0,0
400,7.1,500,1,0,1,0,0,0,0,0,1,0,0
100,7.0,250,1,0,1,0,1,0,0,0,1,0,0
100,7.0,250,1,0,1,0,1,0,0,0,1,0,0
2500,8.3,2000,0,0,1,0,0,0,0,0,0,1,0
170,8.1,500,1,1,0,0,1,0,0,0,1,0,0
1000,8.1,900,0,1,1,0,0,0,0,0,1,0,0
500,8.1,850,1,0,1,0,0,0,0,0,1,0,0
810,8.6,800,0,0,0,0,0,0,0,0,0,1,0
250,8.3,700,1,0,1,0,0,0,0,0,1,0,0
250,8.3,700,1,0,0,0,0,0,0,0,1,0,0
230,8.3,700,0,1,0,0,0,0,0,0,1,0,0
800,8.0,500,0,0,0,1,0,0,0,0,1,0,0
800,8.0,600,0,1,0,0,0,0,0,0,1,0,0
240,8.1,1400,1,0,1,0,1,0,0,0,1,0,0
450,7.2,500,0,1,0,0,1,0,0,0,1,0,0
500,7.2,900,1,0,1,0,0,0,0,0,1,0,0
250,8.3,500,1,1,0,0,0,0,0,0,1,0,0
750,8.3,750,0,1,0,0,0,0,0,0,1,0,0
500,4.5,1200,0,0,0,0,0,0,0,0,1,0,0
1000,0.0,1000,0,1,1,0,0,0,0,0,0,1,0
10000,0.0,1500,0,0,0,0,1,0,0,1,0,0,0
6000,0.0,600,0,0,1,0,0,0,0,1,0,0,0
500,0.0,500,0,0,1,0,0,0,0,0,1,0,0
3500,0.0,550,0,0,1,0,0,0,0,1,0,0,0
1000,0.0,1200,1,0,0,1,0,0,0,0,0,1,0
480,0.0,900,0,0,0,0,0,0,0,0,1,0,0
500,7.7,900,0,1,1,0,0,0,0,0,1,0,0
300,7.7,600,0,0,1,0,0,0,0,0,1,0,0
550,7.9,1500,0,0,1,0,1,0,0,0,1,0,0
300,7.5,700,0,1,0,0,1,0,0,0,1,0,0
300,7.5,700,0,1,0,0,1,0,0,0,1,0,0
300,7.5,700,0,1,0,0,1,0,0,0,1,0,0
300,7.6,500,0,0,1,0,1,0,0,0,1,0,0
400,7.7,1650,0,1,1,0,1,0,0,0,1,0,0
520,7.7,1650,1,0,0,0,1,0,0,0,1,0,0
480,7.7,490,0,0,1,0,0,0,0,0,1,0,0
480,7.7,490,0,1,1,0,0,0,0,0,1,0,0
600,7.5,600,1,0,0,1,0,0,0,0,1,0,0
600,7.5,600,0,1,1,0,0,0,0,0,1,0,0
600,7.5,600,0,1,0,0,0,0,0,0,1,0,0
600,7.5,600,1,0,0,1,0,0,0,0,1,0,0
600,7.5,600,1,0,0,1,0,0,0,0,1,0,0
300,6.5,600,1,0,1,0,1,0,0,0,1,0,0
600,7.7,800,0,1,1,0,1,0,0,0,1,0,0
350,7.7,500,0,0,1,0,1,0,1,0,0,0,0
350,7.7,500,0,0,1,0,1,0,0,0,1,0,0
700,7.7,800,0,0,0,0,1,0,0,0,1,0,0
300,7.7,500,0,1,0,0,1,0,1,0,0,0,0
300,7.7,500,0,0,0,0,1,0,0,0,1,0,0
300,7.7,500,0,0,0,0,1,0,1,0,0,0,0
300,7.7,500,0,1,0,0,1,0,0,0,1,0,0
650,7.7,800,0,0,0,0,1,0,0,0,1,0,0
550,7.7,450,0,1,1,0,1,0,0,0,1,0,0
550,7.7,450,0,0,1,0,1,0,0,0,1,0,0
350,7.8,625,1,0,1,0,0,0,0,0,1,0,0
400,7.9,800,0,0,1,0,1,0,0,0,1,0,0
500,7.9,1800,0,0,1,0,1,0,0,0,1,0,0
340,7.7,800,0,0,0,0,1,0,0,0,1,0,0
300,8.5,400,0,1,0,1,1,0,0,0,1,0,0
300,8.5,400,0,1,0,0,1,0,0,0,1,0,0
350,7.4,500,0,0,1,0,1,0,0,0,1,0,0
300,7.5,400,0,0,1,0,0,0,0,0,1,0,0
700,7.6,700,1,0,0,0,0,0,0,0,1,0,0
500,7.9,1800,0,0,1,0,1,0,0,0,1,0,0
250,7.8,450,0,1,0,0,0,0,0,0,1,0,0
250,7.8,450,0,0,1,0,0,0,0,0,1,0,0
500,7.9,1000,0,0,1,0,1,0,0,0,1,0,0
400,7.9,900,0,0,1,1,1,0,0,0,1,0,0
300,7.9,900,0,1,0,1,1,0,0,0,1,0,0
300,7.9,900,0,0,1,1,1,0,0,0,1,0,0
400,5.6,500,0,0,1,1,1,0,0,0,1,0,0
400,6.9,550,1,1,0,0,0,0,0,0,1,0,0
750,9.0,750,1,0,0,1,1,0,0,0,0,1,0
450,7.5,550,0,0,0,1,1,0,0,0,1,0,0
200,9.2,600,0,0,1,0,0,0,0,0,1,0,0
550,7.9,1500,1,0,0,0,1,0,0,0,1,0,0
300,7.8,1300,1,1,1,0,0,0,0,0,1,0,0
330,7.4,500,1,1,1,0,0,1,0,0,1,0,0
400,7.9,800,0,1,0,1,1,0,0,0,1,0,0
770,7.8,3000,1,0,1,0,0,0,0,0,1,0,0
200,8.6,360,1,0,0,0,1,0,0,0,1,0,0
420,7.8,1000,0,0,0,0,1,0,0,0,1,0,0
300,6.6,600,1,0,1,0,0,0,0,0,1,0,0
1200,6.6,600,1,0,0,1,0,0,0,0,0,1,0
5000,8.5,6000,0,0,0,0,0,0,0,0,0,0,1
2000,6.9,500,0,0,1,0,0,0,0,1,0,0,0
600,7.2,1500,1,0,1,0,0,0,0,0,1,0,0
400,7.2,600,0,0,1,0,1,0,0,0,1,0,0
400,7.2,600,0,0,0,1,1,0,1,0,0,0,0
400,7.2,600,1,0,0,0,1,0,0,0,1,0,0
600,7.2,1500,1,0,1,0,0,0,0,0,1,0,0
400,7.2,600,1,0,1,0,1,0,0,0,1,0,0
400,7.2,600,0,1,0,0,1,0,0,0,1,0,0
400,7.2,600,0,0,1,0,1,0,0,0,1,0,0
400,7.2,600,0,1,0,0,1,0,0,0,1,0,0
400,7.2,600,0,1,0,1,1,0,0,0,1,0,0
700,7.0,900,0,0,0,1,1,0,0,0,1,0,0
700,7.0,900,0,0,0,0,1,0,1,0,0,0,0
700,7.0,900,0,1,0,0,1,0,0,0,1,0,0
700,7.0,900,0,0,0,1,1,0,0,0,1,0,0
220,7.2,449,0,1,0,0,1,0,0,0,1,0,0
400,7.2,900,0,1,0,0,1,0,0,0,1,0,0
2000,6.7,500,0,0,1,0,0,0,0,1,0,0,0
300,7.0,750,0,1,0,0,0,0,0,0,1,0,0
300,7.0,750,0,1,1,0,0,0,0,0,1,0,0
300,7.0,750,0,0,1,0,0,0,0,0,1,0,0
600,7.2,1500,1,0,0,1,1,0,0,0,1,0,0
600,7.2,1500,1,0,0,1,1,0,0,0,1,0,0
600,7.2,1500,1,0,0,1,1,0,0,0,1,0,0
750,7.4,600,0,1,1,0,1,0,0,0,1,0,0
300,6.1,800,0,0,0,0,0,0,0,0,1,0,0
275,7.4,500,0,1,1,0,1,0,0,0,1,0,0
1000,7.3,700,0,0,1,0,1,0,0,1,0,0,0
300,7.2,600,0,0,1,1,1,0,0,0,1,0,0
300,7.2,500,0,0,0,0,1,0,1,0,0,0,0
420,7.2,700,0,1,0,0,1,0,0,0,1,0,0
420,7.2,700,0,1,0,0,1,0,0,0,1,0,0
1500,4.5,1500,0,0,1,1,0,0,0,1,0,0,0
350,7.4,500,1,0,1,0,0,0,0,0,1,0,0
2000,7.0,650,1,0,0,1,0,0,0,0,1,0,0
350,7.1,500,1,0,1,0,0,0,1,0,0,0,0
115,7.0,250,1,0,0,0,1,0,0,0,1,0,0
100,7.0,180,1,0,0,0,1,0,0,0,1,0,0
300,7.1,1000,1,1,1,0,0,0,0,0,1,0,0
300,7.1,1000,1,1,0,1,0,0,0,0,1,0,0
300,7.1,1000,1,0,0,1,0,0,0,0,1,0,0
300,7.1,1000,1,0,1,0,0,0,0,0,1,0,0
300,7.1,1500,1,0,1,1,0,0,0,0,1,0,0
300,7.1,1500,1,1,0,1,0,0,0,0,1,0,0
300,7.1,1000,1,0,1,0,0,0,0,0,1,0,0
300,7.1,1000,1,0,1,1,0,0,0,0,1,0,0
300,7.1,1500,1,0,1,0,0,0,0,0,1,0,0
300,7.1,1000,1,1,0,1,0,0,0,0,1,0,0
300,7.1,1000,1,0,0,1,0,0,0,0,1,0,0
300,7.1,1000,1,1,1,0,0,0,0,0,1,0,0
300,7.1,1000,1,1,0,1,0,0,0,0,1,0,0
300,7.1,1000,1,1,1,0,0,0,0,0,1,0,0
300,7.1,1500,1,1,0,1,0,0,0,0,1,0,0
300,7.1,1200,1,1,1,0,0,0,0,0,1,0,0
800,7.1,800,1,0,1,0,0,0,0,0,1,0,0
4000,7.4,6000,0,0,1,0,0,0,0,0,0,1,0
300,6.0,528,0,0,1,0,0,0,0,0,1,0,0
400,7.0,800,1,0,0,0,0,0,1,0,0,0,0
400,7.0,700,0,1,0,0,0,0,0,0,1,0,0
300,8.5,500,0,0,1,1,0,0,0,0,1,0,0
450,7.2,500,0,0,0,1,1,0,0,0,1,0,0
450,7.2,500,0,1,1,0,1,0,0,0,1,0,0
450,7.2,500,1,0,1,0,1,0,0,0,1,0,0
1000,7.0,2300,0,1,1,0,0,0,0,0,1,0,0
200,6.0,850,0,0,0,0,0,0,1,0,0,0,0
300,6.3,450,0,0,1,1,1,0,0,0,1,0,0
370,6.2,1200,1,0,1,0,0,0,0,0,1,0,0
500,0.0,950,1,0,0,0,0,0,0,0,1,0,0
400,0.0,950,1,1,0,0,0,0,0,0,1,0,0
350,0.0,950,0,0,0,0,0,0,1,0,0,0,0
350,0.0,950,0,1,1,0,0,0,0,0,1,0,0
400,0.0,810,0,0,1,0,0,0,0,1,0,0,0
500,6.6,1100,1,0,1,0,1,0,0,0,1,0,0
450,6.6,1200,0,0,1,1,1,0,0,0,1,0,0
450,6.6,1200,0,1,0,1,1,0,0,0,1,0,0
300,6.9,600,0,0,0,0,1,0,1,0,0,0,0
1600,6.5,750,0,0,0,1,0,0,0,0,0,1,0
1400,6.5,650,0,0,1,0,0,0,0,0,0,1,0
1500,6.9,850,0,0,0,1,0,0,0,0,0,1,0
500,6.6,599,1,0,0,1,0,0,0,0,1,0,0
300,6.6,790,0,1,1,0,1,0,0,0,1,0,0
300,6.6,790,0,1,0,1,1,0,0,0,1,0,0
300,6.6,790,1,0,1,0,1,0,0,0,1,0,0
300,6.6,790,0,0,1,0,1,0,0,0,1,0,0
300,6.6,790,0,1,0,1,1,0,0,0,1,0,0
200,6.6,1323,0,0,1,0,0,0,0,0,1,0,0
250,6.6,1323,0,0,1,0,0,0,0,0,1,0,0
250,6.6,1323,0,0,1,0,0,0,0,0,1,0,0
200,6.6,1323,0,0,1,0,0,0,0,0,1,0,0
350,6.5,1000,0,1,1,0,0,0,0,0,1,0,0
350,6.5,1000,0,0,0,0,0,0,0,0,1,0,0
350,6.5,1000,0,0,1,0,0,0,1,0,0,0,0
350,6.5,1000,0,0,0,0,0,0,0,0,1,0,0
320,8.8,400,1,0,1,0,1,0,0,0,1,0,0
350,8.2,450,1,0,0,1,1,0,0,0,1,0,0
1000,6.8,800,0,0,1,0,0,0,0,1,0,0,0
450,6.9,1300,1,0,0,0,0,0,0,0,1,0,0
450,6.9,1300,0,0,0,0,0,0,0,0,0,0,1
1200,6.7,1300,1,1,0,0,0,0,0,0,1,0,0
250,6.5,500,1,1,0,0,1,0,0,0,1,0,0
320,9.8,350,1,1,0,0,0,0,0,0,1,0,0
2300,7.0,1000,0,0,0,0,0,0,0,0,0,1,0
450,7.2,500,0,1,0,1,0,0,0,0,1,0,0
300,6.8,750,0,0,0,1,0,0,0,0,1,0,0
350,8.5,900,1,0,1,0,0,0,0,0,1,0,0
160,6.5,2000,1,0,1,0,0,0,0,0,1,0,0
1200,6.6,600,1,0,0,0,0,0,0,0,0,1,0
300,8.6,500,1,0,1,1,0,0,0,0,1,0,0
5000,0.0,480,0,0,1,0,0,0,0,1,0,0,0
900,0.0,600,0,1,0,0,0,0,0,0,0,1,0
900,0.0,600,0,1,0,1,0,0,0,0,0,1,0
1000,0.0,1250,0,0,1,0,0,0,0,1,0,0,0
5000,0.0,900,0,0,1,1,0,0,0,1,0,0,0
2000,0.0,1300,0,0,1,0,0,0,0,1,0,0,0
3000,0.0,1530,0,0,1,0,0,0,0,1,0,0,0
500,0.0,500,0,0,1,1,0,0,0,0,1,0,0
650,6.4,1100,1,0,0,0,0,0,0,0,1,0,0
650,6.4,1100,1,0,0,0,1,0,0,0,1,0,0
450,6.4,900,0,0,0,0,1,0,0,0,1,0,0
450,6.4,900,0,0,1,0,0,0,0,0,1,0,0
200,8.0,300,0,0,1,1,1,0,0,0,1,0,0
260,8.8,400,0,1,1,0,1,0,0,0,1,0,0
300,6.1,750,0,0,0,1,1,0,1,0,0,0,0
300,6.1,750,0,0,0,0,1,0,0,0,1,0,0
4000,6.8,600,0,0,1,0,0,0,0,1,0,0,0
330,6.3,450,0,0,1,1,0,0,0,0,1,0,0
3000,10.0,1000,1,0,1,0,0,0,0,0,0,1,0
600,9.9,1188,0,1,0,0,0,0,0,0,1,0,0
300,8.5,500,0,0,1,1,0,0,0,0,1,0,0
220,5.1,400,0,1,0,1,1,0,0,0,1,0,0
5000,9.0,1000,0,0,0,1,0,0,0,0,0,1,0
2900,6.2,2500,1,0,1,0,0,0,0,0,1,0,0
370,6.2,1200,1,0,0,1,0,0,0,0,1,0,0
500,0.0,800,1,0,1,0,1,0,0,0,1,0,0
2000,6.2,600,0,0,1,0,0,0,0,1,0,0,0
2000,6.2,600,0,0,1,0,0,0,0,1,0,0,0
700,0.0,500,0,1,1,0,0,0,0,0,1,0,0
350,0.0,700,1,0,1,0,0,0,0,0,1,0,0
500,7.4,650,0,1,0,0,1,0,0,0,1,0,0
350,8.0,600,1,0,1,0,0,0,0,0,1,0,0
400,5.6,500,0,0,0,0,1,0,1,0,0,0,0
400,5.6,1500,0,0,0,0,1,0,0,0,1,0,0
10,5.5,3750,0,0,1,0,1,0,0,1,0,0,0
10,5.5,3000,0,0,1,0,1,0,0,1,0,0,0
10,5.5,1800,0,0,1,0,1,0,0,1,0,0,0
12,5.5,1500,0,0,1,0,1,0,0,1,0,0,0
11,5.5,1200,0,0,1,0,1,0,0,1,0,0,0
400,5.6,500,0,1,0,1,1,0,0,0,1,0,0
20000,7.6,15000,0,1,0,0,0,0,0,0,0,0,1
4000,9.6,6500,0,1,0,0,0,0,0,0,1,0,0
400,5.6,500,1,0,1,0,0,0,0,0,1,0,0
400,5.6,1500,0,1,0,0,0,0,0,0,1,0,0
15000,0.0,1500,0,0,0,1,0,0,0,1,0,0,0
20000,10.0,2700,0,0,0,0,0,0,0,1,0,0,0
8000,8.5,1750,1,0,1,0,0,0,0,0,0,1,0
300,6.8,750,0,0,0,0,1,0,0,0,1,0,0
312,9.2,406,1,1,1,0,0,0,0,0,1,0,0
500,5.8,500,0,0,0,0,0,0,0,0,1,0,0
2000,6.9,500,0,0,1,0,0,0,0,1,0,0,0
1000,0.0,1500,0,0,1,0,0,0,0,1,0,0,0
2000,0.0,800,0,0,0,1,0,0,0,1,0,0,0
1800,0.0,650,0,0,1,0,0,0,0,1,0,0,0
500,9.0,800,0,0,1,0,0,0,0,0,0,1,0
300,5.1,800,0,1,0,1,1,0,0,0,1,0,0
300,5.1,800,0,0,1,0,1,0,0,0,1,0,0
3000,0.0,2000,1,1,0,0,0,0,0,0,0,1,0
16500,5.0,4000,0,1,0,0,0,0,0,0,0,1,0
3000,5.1,2400,1,0,1,0,0,0,0,0,0,1,0
300,5.3,800,0,0,0,0,0,0,0,0,1,0,0
3300,10.0,10000,1,0,1,0,0,0,0,0,1,0,0
25000,5.4,800,0,0,1,1,0,0,0,1,0,0,0
2000,5.4,800,0,0,1,0,0,0,0,1,0,0,0
25000,5.4,800,0,0,1,0,0,0,0,1,0,0,0
200,5.0,500,0,1,1,0,0,0,0,0,1,0,0
200,5.0,500,1,0,0,0,0,0,0,0,1,0,0
200,5.0,500,0,1,1,0,0,0,0,0,1,0,0
600,10.0,2300,0,1,1,0,0,0,0,0,1,0,0
750,9.9,1140,1,0,0,1,0,0,0,0,1,0,0
600,5.4,800,0,0,1,0,1,0,0,0,1,0,0
2000,9.4,800,1,0,0,1,0,0,0,0,0,1,0
1200,10.0,2000,0,0,1,0,0,0,0,0,1,0,0
1300,9.2,500,1,0,0,1,0,0,0,0,1,0,0
300,10.0,750,1,0,1,0,0,0,0,0,1,0,0
1500,5.1,1100,0,0,1,0,0,0,0,0,0,1,0
1500,5.1,1000,0,0,0,0,0,0,0,0,0,1,0
2820,10.0,800,1,0,1,0,0,0,0,0,1,0,0
4000,0.0,600,0,0,1,0,0,0,0,1,0,0,0
450,0.0,700,0,1,0,0,0,0,0,0,1,0,0
500,0.0,400,1,0,1,0,0,0,0,0,1,0,0
1800,0.0,700,1,0,0,1,0,0,0,0,1,0,0
1500,0.0,1000,0,0,1,0,0,0,0,1,0,0,0
600,8.6,1400,0,1,1,0,1,0,0,0,1,0,0
320,8.8,400,0,0,1,0,1,0,0,0,1,0,0
320,8.8,400,0,0,1,0,1,0,0,0,1,0,0
260,8.8,400,0,0,1,0,1,0,0,0,1,0,0
400,8.8,600,1,0,0,1,1,0,0,0,1,0,0
6000,4.8,2000,0,1,1,0,0,0,0,0,0,1,0
2000,6.2,600,0,0,1,0,0,0,0,1,0,0,0
3000,3.8,1000,0,0,1,0,0,0,0,1,0,0,0
10000,0.0,1700,0,0,1,0,0,0,0,1,0,0,0
3500,0.0,600,0,0,1,0,0,0,0,1,0,0,0
3500,0.0,600,0,0,1,0,0,0,0,1,0,0,0
1000,0.0,700,0,0,1,0,0,0,0,1,0,0,0
15000,0.0,1000,0,0,1,0,0,0,0,1,0,0,0
4000,0.0,2000,0,0,0,0,0,0,0,1,0,0,0
85,0.0,2000,0,0,0,0,0,0,1,0,0,0,0
300,8.0,400,0,0,1,1,1,0,0,0,1,0,0
450,9.1,750,0,1,1,0,1,0,0,0,1,0,0
600,8.1,1200,1,0,1,0,1,0,0,0,1,0,0
1400,4.0,400,0,0,1,0,0,0,0,0,0,1,0
25000,5.4,800,0,0,1,0,0,0,0,1,0,0,0
20000,6.8,650,0,1,1,0,0,0,0,0,0,1,0
20000,9.0,1100,0,1,0,0,0,0,0,0,0,1,0
450,4.1,800,0,0,1,0,0,0,0,0,0,1,0
450,4.1,700,0,0,1,0,0,0,0,0,0,1,0
2000,7.4,1500,0,0,1,0,0,0,0,0,0,1,0
400,4.2,750,0,1,1,0,0,0,0,0,1,0,0
3000,3.8,1000,0,0,1,0,0,0,0,1,0,0,0
1500,0.0,800,0,0,0,0,0,0,0,1,0,0,0
300,7.7,600,1,0,0,0,0,0,0,0,1,0,0
350,3.8,430,0,0,0,1,1,0,0,0,1,0,0
350,3.8,430,0,0,0,1,1,0,0,0,1,0,0
650,3.8,600,0,0,0,0,0,0,0,0,1,0,0
650,3.8,600,0,1,1,0,0,0,0,0,1,0,0
650,3.8,600,0,0,0,1,0,0,0,0,1,0,0
350,3.8,430,0,0,0,1,1,0,0,0,1,0,0
350,3.8,430,0,0,0,0,1,0,0,0,1,0,0
250,8.8,500,1,0,1,0,1,0,0,0,1,0,0
170,8.6,300,0,0,1,0,0,0,0,0,1,0,0
10000,3.0,950,0,0,0,1,0,0,0,0,0,1,0
300,8.5,500,1,0,1,0,0,0,0,0,1,0,0
350,7.7,500,0,1,1,0,0,0,0,0,0,1,0
4000,0.0,1000,0,0,0,0,0,0,0,1,0,0,0
3000,3.8,1000,0,0,1,1,0,0,0,1,0,0,0
3000,0.0,7200,0,1,1,0,1,0,0,0,0,1,0
350,8.2,900,0,0,1,1,1,0,0,0,1,0,0
400,8.0,650,1,0,0,1,0,0,0,0,1,0,0
1000,3.0,800,0,1,0,1,0,0,0,0,1,0,0
6000,4.6,2000,0,0,1,0,0,0,0,0,0,1,0
486,2.3,1300,0,1,0,0,1,0,0,0,1,0,0
120,7.0,250,1,0,0,0,1,0,0,0,1,0,0
100,7.0,180,1,0,1,0,1,0,0,0,1,0,0
100,7.0,180,1,0,0,0,1,0,0,0,1,0,0
500,7.2,900,0,1,1,0,0,0,0,0,1,0,0
310,8.2,300,0,1,1,0,1,0,0,0,1,0,0
400,3.0,700,1,1,1,0,1,0,0,0,1,0,0
300,6.4,600,1,0,1,0,0,0,0,0,1,0,0
200,1.0,492,0,0,1,0,0,0,0,0,0,1,0
450,0.0,600,0,0,1,0,0,0,0,0,1,0,0
140,0.0,2000,0,0,0,0,0,0,1,0,0,0,0
300,0.0,900,0,0,0,0,0,0,0,0,1,0,0
450,0.0,1700,1,0,1,0,0,0,0,0,1,0,0
500,7.7,800,1,1,0,0,0,0,0,0,1,0,0
250,6.5,600,1,1,0,0,1,0,0,0,1,0,0
10000,0.0,1000,0,0,1,0,0,0,0,1,0,0,0
300,0.0,800,0,0,1,1,0,0,0,0,1,0,0
300,0.0,800,1,0,1,0,0,0,0,0,1,0,0
300,0.0,800,0,0,1,1,0,0,0,0,1,0,0
300,0.0,900,1,0,1,0,0,0,0,0,1,0,0
300,0.0,800,1,0,1,0,0,0,0,0,1,0,0
1500,0.0,800,0,0,0,0,0,0,0,0,0,1,0
600,7.2,1500,0,0,1,1,0,0,0,0,1,0,0
400,7.2,600,0,0,0,0,1,0,0,0,1,0,0
4000,7.4,950,0,1,1,0,0,0,0,0,0,1,0
1500,7.3,700,0,0,1,1,1,0,0,1,0,0,0
150,7.0,250,1,0,0,0,1,0,0,0,1,0,0
220,5.1,300,0,1,1,0,1,0,0,0,1,0,0
550,2.3,450,0,0,1,1,0,0,0,0,1,0,0
550,2.3,550,1,0,1,0,0,0,0,0,1,0,0
400,2.3,450,0,1,1,0,0,0,0,0,1,0,0
1200,0.0,500,0,0,1,0,0,0,0,0,0,1,0
600,0.0,3000,0,0,0,0,0,0,0,0,1,0,0
1500,0.0,800,0,0,1,0,0,0,0,1,0,0,0
450,6.6,700,0,0,0,0,0,0,0,0,1,0,0
800,1.6,700,1,0,1,0,0,0,0,0,1,0,0
1000,0.0,3000,1,0,1,0,0,0,0,0,1,0,0
420,0.0,2300,0,0,1,0,0,0,0,0,1,0,0
1000,0.0,400,0,0,1,0,0,0,0,1,0,0,0
400,0.0,750,1,0,1,0,0,0,0,0,1,0,0
2500,0.0,4000,0,0,1,1,0,0,0,1,0,0,0
3000,0.0,2000,0,1,1,0,0,0,0,0,1,0,0
220,5.1,350,1,0,1,0,1,0,0,0,1,0,0
2100,1.0,1500,0,1,0,1,0,0,0,0,0,1,0
1000,1.0,1000,0,1,0,1,0,0,0,0,0,1,0
2000,0.0,800,0,0,1,1,0,0,0,1,0,0,0
2000,0.0,900,0,0,1,0,0,0,0,1,0,0,0
500,0.0,700,1,0,0,0,0,0,0,0,1,0,0
225,0.0,600,0,1,1,0,1,0,0,0,0,1,0
1500,0.0,770,0,0,1,0,0,0,0,1,0,0,0
500,0.0,480,1,0,1,0,0,0,0,0,1,0,0
110,9.5,750,0,0,0,0,0,0,1,0,0,0,0
1000,4.8,800,0,0,1,0,1,0,0,1,0,0,0
50000,0.0,1900,0,0,1,0,0,0,0,1,0,0,0
600,0.0,1100,1,0,1,0,1,0,0,0,1,0,0
600,0.0,1100,1,0,0,1,1,0,0,0,1,0,0
26000,0.0,2500,0,0,1,0,0,0,0,0,0,1,0
315,0.0,450,0,1,0,0,0,0,0,0,1,0,0
200,0.0,7500,0,0,0,0,0,0,1,0,0,0,0
288,0.0,25000,0,0,0,0,0,0,0,1,0,0,0
288,0.0,25000,0,0,0,0,0,0,0,1,0,0,0
500,0.0,15000,0,0,0,0,1,0,0,0,0,0,1
1400,0.0,700,0,0,1,0,0,0,0,1,0,0,0
1400,0.0,700,0,0,1,0,0,0,0,1,0,0,0
1750,0.0,1000,0,0,1,0,0,0,0,1,0,0,0
1750,0.0,1000,0,0,1,0,0,0,0,1,0,0,0
2000,0.0,1200,0,0,1,0,0,0,0,1,0,0,0
2000,0.0,600,1,0,0,1,0,0,0,0,0,1,0
10000,0.0,1500,0,0,1,0,1,0,0,0,0,1,0
320,0.0,1500,1,0,1,0,0,0,0,0,1,0,0
2000,0.0,2000,0,0,0,0,1,0,0,0,0,1,0
900,0.0,700,0,0,1,0,0,0,0,0,1,0,0
4000,0.0,1400,1,0,0,0,0,0,0,0,0,1,0
450,0.0,700,0,0,1,0,1,0,0,0,1,0,0
450,0.0,700,0,0,1,0,1,0,0,0,1,0,0
6000,0.0,2200,1,0,1,0,0,0,0,0,0,1,0
1000,0.0,500,0,0,0,1,0,0,0,0,0,1,0
1500,0.0,8000,1,0,0,0,0,0,0,0,0,1,0
4000,0.0,1000,0,0,1,1,1,0,0,1,0,0,0
1000,0.0,700,0,0,1,0,0,0,0,1,0,0,0
2000,0.0,500,0,0,1,0,0,0,0,1,0,0,0
3500,0.0,700,0,0,0,0,0,0,0,0,0,1,0
3500,0.0,700,0,0,0,1,0,0,0,0,0,1,0
500,0.0,1000,0,0,1,0,0,0,0,0,0,1,0
10000,0.0,3500,0,0,0,0,0,0,0,1,0,0,0
2000,0.0,1000,0,0,1,0,0,0,0,1,0,0,0
4000,0.0,1200,0,0,1,0,0,0,0,1,0,0,0
350,0.0,800,1,0,1,0,1,0,0,0,1,0,0
350,0.0,800,0,0,0,1,1,0,0,0,1,0,0
1000,0.0,600,0,0,0,0,0,0,0,0,1,0,0
5000,0.0,2000,1,0,0,0,0,0,0,0,0,1,0
10000,0.0,10000,1,1,0,0,0,0,0,0,0,0,1
350,0.0,950,1,1,1,0,0,0,0,0,1,0,0
6000,0.0,3000,0,1,0,0,0,0,0,0,0,1,0
950,0.0,950,0,0,1,0,0,0,0,0,0,1,0
450,0.0,400,0,1,1,0,0,0,0,0,0,1,0
440,0.0,1500,1,1,0,0,0,0,0,0,0,1,0
600,0.0,1500,0,1,0,1,0,0,0,0,1,0,0
600,0.0,1500,1,0,1,0,0,0,0,0,1,0,0
600,0.0,1500,1,0,0,1,0,0,0,0,1,0,0
440,0.0,1500,0,0,0,1,0,0,0,0,0,1,0
2000,0.0,1200,1,0,1,0,0,0,0,0,1,0,0
1900,0.0,1000,0,1,1,0,0,0,0,0,0,1,0
400,0.0,2000,1,1,0,1,0,0,0,0,1,0,0
1350,0.0,700,0,1,0,0,0,0,0,0,0,1,0
1200,0.0,2500,0,0,1,0,1,0,0,0,1,0,0
7500,0.0,6000,0,1,1,0,0,0,0,0,0,1,0
3600,0.0,1800,0,1,1,0,0,0,0,0,0,1,0
450,0.0,800,1,0,1,0,0,0,0,0,1,0,0
375,0.0,700,1,1,1,0,1,0,0,0,1,0,0
375,0.0,700,1,0,1,0,1,0,0,0,1,0,0
500,0.0,800,0,0,1,0,1,0,0,0,1,0,0
2500,0.0,1400,0,0,0,1,0,0,0,0,0,1,0
450,0.0,850,0,0,1,0,0,0,0,0,1,0,0
2000,0.0,600,0,0,0,1,0,0,0,0,0,1,0
4000,0.0,1300,0,0,1,1,0,0,0,0,0,1,0
250,0.0,800,0,1,1,0,0,0,0,0,1,0,0
2500,0.0,1500,0,1,0,1,0,0,0,0,0,1,0
2500,0.0,1300,0,1,0,0,0,0,0,0,0,1,0
200,0.0,500,1,0,0,0,0,0,0,0,1,0,0
700,0.0,600,0,0,0,1,0,0,0,1,0,0,0
450,0.0,850,0,0,0,1,0,0,0,0,1,0,0
2000,0.0,1000,0,0,1,0,0,0,0,0,0,1,0
300,0.0,700,0,0,1,0,0,0,0,0,1,0,0
220,5.1,300,0,0,1,0,1,0,0,0,1,0,0
400,0.0,850,0,0,0,0,0,0,0,0,1,0,0
1250,0.0,1100,0,0,0,0,0,0,0,0,1,0,0
2000,0.0,2500,0,0,1,1,0,0,0,0,0,1,0
300,0.0,690,1,0,1,0,0,0,0,0,1,0,0
462,0.0,1000,0,0,0,0,0,0,0,0,0,1,0
462,0.0,1000,0,0,0,0,0,0,0,0,0,1,0
500,0.0,700,1,0,1,0,0,0,0,0,1,0,0
500,0.0,700,1,1,0,0,0,0,0,0,1,0,0
250,0.0,2500,0,0,0,0,1,0,1,0,0,0,0
7500,0.0,2500,0,0,1,0,0,0,0,0,0,1,0
800,0.0,1899,0,1,1,0,0,0,0,0,1,0,0
300,0.0,690,0,1,0,0,0,0,0,0,1,0,0
1500,0.0,3500,0,1,0,0,0,0,0,0,0,1,0
400,0.0,800,0,1,1,0,0,1,0,0,1,0,0
400,0.0,600,0,0,0,1,0,0,0,0,1,0,0
400,0.0,600,1,0,1,0,0,0,0,0,1,0,0
450,0.0,800,1,0,1,0,0,0,0,0,1,0,0
2520,0.0,2000,0,0,1,0,0,0,0,0,0,1,0
730,0.0,2200,1,0,1,0,1,0,0,0,1,0,0
970,0.0,1200,1,0,0,0,0,0,1,0,0,0,0
4000,0.0,900,0,1,0,1,0,0,0,0,0,1,0
3000,0.0,2000,0,0,0,1,0,0,0,0,0,1,0
2000,0.0,1400,0,0,1,1,0,0,0,0,0,1,0
1000,0.0,600,1,0,1,0,0,0,0,0,1,0,0
100050,0.0,4000,1,0,0,0,0,0,0,0,0,1,0
350,0.0,900,0,1,0,1,0,0,0,0,1,0,0
300,0.0,1500,0,0,0,0,0,0,0,0,1,0,0
1000,0.0,600,1,0,0,1,0,0,0,0,1,0,0
400,0.0,400,1,0,0,0,0,0,0,0,1,0,0
400,0.0,400,1,0,0,1,0,0,0,0,1,0,0
500,0.0,800,1,0,1,0,0,0,0,0,1,0,0
4000,0.0,500,0,0,1,0,0,0,0,0,0,1,0
600,0.0,4000,1,0,0,0,1,0,0,0,0,1,0
3000,0.0,9000,0,0,1,0,0,0,0,0,1,0,0
10000,0.0,800,0,0,1,0,0,0,0,1,0,0,0
350,0.0,1200,1,0,1,0,0,0,0,0,0,1,0
350,0.0,600,1,0,1,0,0,0,0,0,1,0,0
350,0.0,600,0,1,1,0,0,0,0,0,1,0,0
350,0.0,600,1,0,0,0,0,0,0,0,1,0,0
350,0.0,600,0,1,1,0,0,0,0,0,1,0,0
350,0.0,600,1,0,1,0,0,0,0,0,1,0,0
200,0.0,500,0,1,1,0,0,0,0,0,1,0,0
500,0.0,700,0,1,0,1,0,0,0,0,1,0,0
500,0.0,700,0,1,1,0,0,0,0,0,1,0,0
500,0.0,900,1,1,0,0,0,0,0,0,1,0,0
500,0.0,700,0,0,1,0,0,0,0,0,1,0,0
500,0.0,700,1,0,1,0,0,0,0,0,1,0,0
500,0.0,750,1,1,0,0,0,0,0,0,1,0,0
500,0.0,500,1,0,0,1,0,0,0,0,1,0,0
250,0.0,500,0,1,0,0,0,0,0,0,1,0,0
250,0.0,500,0,1,0,0,0,0,0,0,1,0,0
300,0.0,500,0,0,0,0,0,0,0,0,1,0,0
3700,0.0,7000,0,0,0,0,0,0,0,0,0,1,0
400,0.0,1200,0,0,1,0,0,0,0,0,1,0,0
500,0.0,1200,1,0,1,0,0,0,0,0,1,0,0
400,0.0,1100,0,0,1,0,0,0,0,0,1,0,0
300,0.0,550,0,0,1,0,0,0,0,0,1,0,0
120,0.0,1800,0,0,1,0,0,0,0,0,0,0,1
80,0.0,3550,0,0,0,0,0,0,1,0,0,0,0
120,0.0,1800,0,0,1,0,0,0,0,0,0,0,1
120,0.0,1800,0,0,1,0,0,0,0,0,0,0,1
120,0.0,1800,0,0,1,0,0,0,0,0,0,0,1
100,0.0,1800,0,0,1,0,0,0,0,0,0,0,1
10000,0.0,500,0,0,1,0,0,0,0,1,0,0,0
300,0.0,550,1,0,0,1,0,0,0,0,1,0,0
300,0.0,550,1,0,0,1,0,0,0,0,1,0,0
300,0.0,550,1,0,0,1,0,0,0,0,1,0,0
10000,0.0,1000,0,0,1,0,0,0,0,1,0,0,0
900,0.0,800,0,0,1,0,0,0,0,0,1,0,0
1100,0.0,850,1,1,0,0,0,0,0,0,1,0,0
600,0.0,600,0,1,1,0,0,0,0,0,1,0,0
190,0.0,500,1,0,1,0,0,0,0,0,1,0,0
190,0.0,750,0,1,1,0,0,0,0,0,1,0,0
190,0.0,500,1,0,1,0,0,0,0,0,1,0,0
840,0.0,800,0,0,1,0,0,0,0,0,0,1,0
700,0.0,1200,0,0,1,0,0,0,0,0,1,0,0
1500,0.0,800,1,0,1,0,0,0,0,0,1,0,0
250,0.0,500,0,1,1,0,0,0,0,0,1,0,0
500,0.0,500,1,1,0,0,0,0,0,0,1,0,0
250,0.0,500,0,1,1,0,0,0,0,0,1,0,0
1500,0.0,500,0,0,1,0,0,0,0,0,0,1,0
500,0.0,700,0,1,0,0,0,0,0,0,1,0,0
350,0.0,700,0,1,0,0,0,0,0,0,1,0,0
850,0.0,550,1,1,1,0,0,0,0,0,1,0,0
800,0.0,500,0,0,0,1,0,0,0,0,1,0,0
4000,0.0,800,0,0,1,0,0,0,0,1,0,0,0
5000,0.0,700,0,0,0,0,0,0,0,0,0,1,0
95,0.0,1400,0,0,0,0,0,0,1,0,0,0,0
300,0.0,650,0,0,1,1,1,0,0,0,1,0,0
1000,0.0,1000,0,0,0,0,0,0,0,1,0,0,0
1000,0.0,1000,0,0,0,0,0,0,0,1,0,0,0
1000,0.0,1000,0,0,0,0,0,0,0,1,0,0,0
1000,0.0,1000,0,0,0,0,0,0,0,1,0,0,0
750,0.0,500,0,0,0,0,0,0,0,0,0,1,0
750,0.0,500,0,0,0,0,0,0,0,0,0,1,0
7000,0.0,1500,0,0,0,0,0,0,0,1,0,0,0
300,0.0,650,1,1,0,0,1,0,0,0,1,0,0
300,0.0,650,0,0,0,1,1,0,0,0,1,0,0
300,0.0,650,0,1,0,0,1,0,0,0,1,0,0
1500,0.0,450,0,0,1,0,0,0,0,1,0,0,0
2000,0.0,700,0,0,1,0,0,0,0,1,0,0,0
3500,0.0,450,0,1,1,0,0,0,0,0,0,1,0
320,6.3,1050,0,0,1,1,1,0,0,0,1,0,0
1500,0.0,800,0,0,0,0,0,0,0,1,0,0,0
350,3.8,430,0,0,0,1,1,0,0,0,1,0,0
8000,10.0,3900,1,0,1,0,0,0,0,0,1,0,0
150,0.0,1700,0,0,0,0,1,0,1,0,0,0,0
35,0.0,1000,0,0,0,0,0,0,1,0,0,0,0
6000,0.0,9500,0,0,1,0,0,0,0,0,0,1,0
3000,0.0,1000,0,1,0,1,0,0,0,0,0,1,0
10000,7.3,1500,0,0,1,0,0,0,0,0,0,1,0
310,6.7,300,1,0,0,1,0,0,0,0,1,0,0
3000,0.0,2500,0,0,1,0,0,0,0,1,0,0,0
10000,0.0,500,0,0,0,1,0,0,0,1,0,0,0
200,0.0,2000,0,0,0,0,1,0,0,0,1,0,0
600,0.0,1100,1,1,0,1,1,0,0,0,1,0,0
1500,0.0,1500,0,1,0,0,0,0,0,0,0,1,0
16,0.0,1000,0,0,0,0,1,0,1,0,0,0,0
40000,0.0,400,0,0,0,0,0,0,0,1,0,0,0
2000,0.0,600,0,0,1,0,0,0,0,0,0,1,0
600,0.0,500,0,0,1,1,0,0,0,0,1,0,0
177,0.0,1500,0,0,0,0,0,0,1,0,0,0,0
200,0.0,300,0,0,1,0,0,1,0,0,0,1,0
2500,0.0,1045,0,0,1,1,0,0,0,0,0,1,0
4000,0.0,800,0,0,1,0,0,0,0,1,0,0,0
150,0.0,2600,0,0,0,0,0,0,1,0,0,0,0
95,0.0,1700,0,0,0,0,0,0,1,0,0,0,0
140,0.0,1000,0,0,0,0,0,0,1,0,0,0,0
500,0.0,2000,0,0,0,0,0,0,1,0,0,0,0
170,9.3,310,0,0,0,0,0,0,1,0,0,0,0
90,9.8,450,0,0,0,0,0,0,1,0,0,0,0
138,9.8,1000,0,0,0,0,0,0,1,0,0,0,0
170,9.4,296,0,0,0,0,0,0,1,0,0,0,0
25,9.9,500,0,0,0,0,0,0,1,0,0,0,0
300,8.4,349,1,0,0,0,0,0,0,0,1,0,0
250,9.9,640,0,0,0,0,0,0,1,0,0,0,0
260,9.2,700,1,0,1,0,0,0,0,0,1,0,0
100,9.4,500,0,0,0,0,0,0,1,0,0,0,0
98,10.0,810,0,0,0,0,0,0,1,0,0,0,0
160,10.0,550,0,0,0,0,0,0,1,0,0,0,0
450,9.5,450,1,0,0,1,0,0,0,0,1,0,0
120,9.5,468,0,0,0,0,0,0,1,0,0,0,0
94,9.3,400,0,0,0,0,1,0,1,0,0,0,0
7000,9.8,1000,0,0,1,0,0,0,0,1,0,0,0
3750,9.4,450,0,0,1,1,0,0,0,1,0,0,0
280,8.5,900,0,0,0,0,0,0,0,0,1,0,0
300,8.3,600,0,0,1,0,1,0,0,0,0,0,1
200,10.0,490,0,0,0,0,0,0,1,0,0,0,0
60,9.9,495,0,0,0,0,0,0,1,0,0,0,0
100,10.0,489,0,0,0,0,0,0,1,0,0,0,0
160,10.0,1000,0,0,0,0,0,0,1,0,0,0,0
15000,8.3,468,0,0,0,1,0,0,0,1,0,0,0
80,10.0,750,0,0,0,0,0,0,1,0,0,0,0
100,9.0,349,0,0,0,0,0,0,1,0,0,0,0
300,8.3,600,0,0,1,0,1,0,0,0,0,0,1
320,7.6,300,1,0,1,0,0,0,0,0,1,0,0
5000,10.0,600,0,0,1,0,0,0,0,1,0,0,0
100,10.0,410,0,0,0,0,1,0,1,0,0,0,0
130,9.1,1250,0,0,0,0,0,0,1,0,0,0,0
260,9.8,1100,1,0,0,0,0,0,0,0,1,0,0
300,8.3,600,1,0,1,0,1,0,0,0,0,0,1
3000,9.7,2000,1,0,1,0,0,0,0,0,0,1,0
80,8.6,400,0,0,0,0,0,0,1,0,0,0,0
120,8.5,300,0,0,0,0,0,0,1,0,0,0,0
140,9.8,850,0,0,0,0,0,0,1,0,0,0,0
140,9.9,690,0,0,1,0,0,0,1,0,0,0,0
450,9.5,399,1,0,1,0,0,0,0,0,1,0,0
160,8.9,620,0,0,0,0,0,0,1,0,0,0,0
200,9.9,458,0,0,0,0,0,0,1,0,0,0,0
100,9.3,270,0,0,0,0,0,0,1,0,0,0,0
46,9.6,350,0,0,0,0,0,0,1,0,0,0,0
150,9.8,399,0,0,0,0,0,0,1,0,0,0,0
27000,10.0,3500,0,1,1,0,0,0,0,1,0,0,0
10000,10.0,1500,0,0,0,0,0,0,0,1,0,0,0
95,4.5,350,0,0,0,0,0,0,1,0,0,0,0
480,10.0,800,1,0,1,0,0,0,0,0,1,0,0
250,9.9,1600,0,0,1,0,0,0,0,0,1,0,0
125,9.8,750,0,0,0,0,0,0,1,0,0,0,0
180,9.5,1290,0,0,1,0,0,0,1,0,0,0,0
100,9.9,380,0,0,0,0,0,0,1,0,0,0,0
170,10.0,369,0,0,0,0,0,0,1,0,0,0,0
50,10.0,480,0,0,0,0,0,0,1,0,0,0,0
2000,0.0,700,0,0,0,1,0,0,0,1,0,0,0
5000,10.0,600,0,0,0,0,0,0,0,1,0,0,0
94,10.0,1200,0,0,0,0,0,0,1,0,0,0,0
94,10.0,1200,0,0,0,0,0,0,1,0,0,0,0
94,10.0,1200,0,0,0,0,0,0,1,0,0,0,0
600,0.0,810,0,0,0,1,0,0,0,1,0,0,0
300,8.6,400,1,0,1,0,0,0,0,0,1,0,0
500,9.4,350,0,1,0,0,0,0,0,1,0,0,0
15000,10.0,1950,0,1,1,0,0,0,0,0,0,1,0
350,8.6,400,0,1,1,0,0,0,0,0,0,1,0
180,10.0,800,0,0,0,0,0,0,1,0,0,0,0
700,7.7,450,0,0,1,0,1,0,0,0,1,0,0
450,9.5,349,1,0,0,1,0,0,0,0,1,0,0
80,7.2,270,0,0,0,0,0,0,1,0,0,0,0
400,9.8,1000,0,0,1,0,1,0,0,0,1,0,0
300,7.0,250,1,0,0,0,0,0,0,0,1,0,0
300,9.6,800,1,0,1,0,0,0,0,0,1,0,0
145,10.0,1470,0,0,0,0,0,0,1,0,0,0,0
120,9.4,610,0,0,0,0,0,0,1,0,0,0,0
280,9.4,575,0,0,0,0,1,0,1,0,0,0,0
150,10.0,750,0,0,0,0,0,0,1,0,0,0,0
15000,8.7,900,0,0,1,1,0,0,0,1,0,0,0
120,9.1,1150,0,0,0,0,0,0,1,0,0,0,0
4000,9.9,595,0,0,1,0,0,0,0,1,0,0,0
1200,9.0,500,0,0,1,0,0,0,0,1,0,0,0
250,9.0,500,1,0,1,0,1,0,0,0,1,0,0
370,8.3,800,0,0,1,0,1,0,0,0,0,0,1
325,10.0,400,0,0,1,0,0,0,0,0,1,0,0
125,10.0,1470,0,0,0,0,0,0,1,0,0,0,0
119,8.8,310,0,0,0,0,0,0,1,0,0,0,0
3250,9.1,450,0,0,0,0,0,0,0,0,0,1,0
35,8.5,170,0,0,0,0,0,0,1,0,0,0,0
200,9.9,620,0,0,0,0,0,0,1,0,0,0,0
50,10.0,290,0,0,1,0,0,0,1,0,0,0,0
2500,9.5,420,0,0,0,0,0,0,0,1,0,0,0
125,9.0,1100,0,0,0,0,0,0,1,0,0,0,0
204,4.0,1300,0,0,0,0,1,0,1,0,0,0,0
386,8.5,350,1,1,0,0,1,0,0,0,1,0,0
1000,9.6,1050,0,1,0,0,0,0,0,0,1,0,0
300,8.6,400,1,0,1,0,0,0,0,0,1,0,0
300,8.1,350,1,0,0,0,0,0,0,0,1,0,0
3000,9.3,480,0,0,0,0,0,0,0,1,0,0,0
95,8.3,340,0,0,0,0,0,0,1,0,0,0,0
150,9.5,990,0,0,0,0,0,0,1,0,0,0,0
300,9.1,1280,1,0,1,0,0,0,0,0,1,0,0
280,8.5,700,0,0,1,0,0,0,0,0,1,0,0
185,9.6,1000,0,0,0,0,0,0,1,0,0,0,0
35,8.5,150,0,0,0,0,0,0,1,0,0,0,0
4000,8.5,1300,0,0,0,0,0,0,0,1,0,0,0
60000,6.0,550,0,0,1,0,0,0,0,1,0,0,0
125,9.0,908,0,0,1,0,0,0,1,0,0,0,0
500,0.0,800,0,0,1,0,0,0,0,1,0,0,0
120,0.0,595,0,0,0,0,0,0,1,0,0,0,0
250,9.0,500,0,0,1,0,1,0,0,0,1,0,0
250,9.9,1600,1,0,0,0,0,0,0,0,1,0,0
350,9.0,400,1,0,0,0,1,0,1,0,0,0,0
150,9.6,680,0,0,0,0,0,0,1,0,0,0,0
110,9.1,1150,0,0,0,0,0,0,1,0,0,0,0
185,9.6,900,0,0,0,0,0,0,1,0,0,0,0
90,10.0,1400,0,0,0,0,0,0,1,0,0,0,0
5000,0.0,600,0,0,1,0,0,0,0,1,0,0,0
5000,0.0,850,0,0,1,0,0,0,0,1,0,0,0
700,7.7,450,0,0,1,0,1,0,0,0,1,0,0
120,9.2,600,0,1,0,0,0,0,0,0,1,0,0
420,6.0,299,1,0,1,0,0,0,0,0,1,0,0
50,9.6,150,0,0,0,0,0,0,0,0,0,1,0
90,9.7,568,0,0,0,0,0,0,1,0,0,0,0
150,10.0,500,0,0,1,0,0,0,1,0,0,0,0
860,9.7,1300,1,0,1,0,0,0,0,0,1,0,0
4000,10.0,500,0,0,0,0,0,0,0,1,0,0,0
270,10.0,500,0,0,0,0,0,0,1,0,0,0,0
170,8.1,310,0,0,0,0,0,0,1,0,0,0,0
608,5.1,700,0,0,1,0,0,0,0,1,0,0,0
94,10.0,1200,0,0,0,0,0,0,1,0,0,0,0
200,0.0,250,0,0,0,0,1,0,1,0,0,0,0
300,8.3,600,0,0,0,1,1,0,0,0,0,0,1
400,8.8,800,1,1,0,0,1,0,0,0,1,0,0
60000,9.3,800,0,0,1,0,0,0,0,1,0,0,0
350,10.0,600,0,0,0,0,0,0,0,0,1,0,0
350,10.0,600,0,0,0,0,0,0,0,0,1,0,0
500,9.0,500,0,1,0,0,1,0,0,0,1,0,0
120,8.7,390,0,0,0,0,0,0,1,0,0,0,0
320,7.6,350,1,0,1,0,0,0,0,0,1,0,0
4000,7.7,1900,1,1,0,0,0,0,0,0,0,1,0
910,9.2,750,1,1,0,0,0,0,0,0,1,0,0
110,10.0,757,0,0,0,0,0,0,1,0,0,0,0
240,10.0,800,1,0,1,0,0,0,0,0,1,0,0
200,10.0,1000,0,0,0,0,0,0,1,0,0,0,0
400,0.0,700,0,0,1,0,0,0,0,1,0,0,0
140,0.0,1000,0,0,0,0,0,0,1,0,0,0,0
500,9.0,500,0,1,0,0,0,0,0,1,0,0,0
1200,9.9,1500,0,0,0,1,0,0,0,0,0,0,1
400,9.7,500,1,0,1,0,0,0,0,0,1,0,0
300,9.4,880,0,0,1,0,0,0,0,0,1,0,0
450,9.8,1400,1,0,1,0,0,0,0,0,1,0,0
360,9.8,1200,1,0,1,0,1,0,0,0,1,0,0
400,8.6,420,1,0,1,0,1,0,0,0,1,0,0
34,10.0,290,0,0,0,0,0,0,1,0,0,0,0
4000,8.7,1000,0,0,1,0,0,0,0,0,0,1,0
500,9.8,1000,0,1,0,1,0,0,0,0,1,0,0
110,10.0,600,0,0,0,0,0,0,1,0,0,0,0
146,10.0,1036,0,0,1,0,0,0,1,0,0,0,0
200,2.3,400,0,0,1,0,0,0,0,1,0,0,0
300,8.6,400,1,0,1,0,0,0,0,0,1,0,0
300,8.4,600,0,1,1,0,1,0,0,0,1,0,0
325,10.0,400,0,1,0,0,0,0,0,0,1,0,0
3000,9.3,480,0,0,1,0,0,0,0,1,0,0,0
900,10.0,1600,1,0,1,0,0,0,0,0,1,0,0
450,9.8,1050,1,0,1,0,0,0,0,0,1,0,0
250,8.7,400,1,0,1,0,0,0,0,0,1,0,0
155,10.0,450,0,0,0,0,0,0,1,0,0,0,0
166,10.0,950,0,0,0,0,0,0,1,0,0,0,0
300,0.0,600,1,0,1,0,0,0,0,0,1,0,0
180,9.8,690,0,0,0,0,0,0,1,0,0,0,0
200,9.5,550,1,0,1,0,0,0,0,0,1,0,0
140,9.4,399,0,0,0,0,1,0,1,0,0,0,0
130,10.0,600,0,0,0,0,0,0,1,0,0,0,0
7000,9.8,1000,0,0,1,1,0,0,0,1,0,0,0
400,0.0,250,0,1,1,0,0,0,0,1,0,0,0
450,0.0,500,1,0,1,0,0,0,0,0,1,0,0
450,0.0,500,0,0,1,1,0,0,0,0,1,0,0
450,0.0,500,0,0,0,1,0,0,0,0,1,0,0
450,0.0,500,1,1,0,0,0,0,0,0,1,0,0
8000,0.0,1700,0,1,1,0,0,0,0,0,0,1,0
100,0.0,800,0,0,1,0,1,0,1,0,0,0,0
1000,0.0,800,0,0,0,1,0,0,0,1,0,0,0
65,0.0,650,0,0,0,0,0,0,1,0,0,0,0
10000,0.0,600,0,0,1,0,0,0,0,1,0,0,0
10000,0.0,600,0,0,0,0,0,0,0,1,0,0,0
10000,0.0,1100,0,0,0,0,0,0,0,1,0,0,0
10000,0.0,1100,0,0,0,0,0,0,0,1,0,0,0
10000,0.0,1100,0,0,0,0,0,0,0,1,0,0,0
400,9.7,500,0,1,0,1,0,0,0,0,1,0,0
45,9.8,430,0,0,0,0,1,0,1,0,0,0,0
325,8.8,500,1,0,1,0,0,0,0,0,1,0,0
10000,10.0,800,0,0,0,1,0,0,0,1,0,0,0
650,8.5,600,1,0,1,0,0,0,0,0,1,0,0
330,8.8,950,1,1,1,0,0,0,0,0,1,0,0
137,9.8,1092,0,0,0,0,0,0,1,0,0,0,0
1000,9.8,1900,1,0,0,1,1,0,0,0,1,0,0
220,10.0,1100,0,0,0,0,0,0,1,0,0,0,0
8000,9.4,890,0,0,1,0,0,0,0,0,0,1,0
140,9.8,1000,0,0,0,0,0,0,1,0,0,0,0
4000,9.9,595,0,0,0,0,0,0,0,1,0,0,0
45,10.0,250,0,0,0,0,1,0,1,0,0,0,0
60000,6.0,550,0,0,1,0,0,0,0,1,0,0,0
10000,0.0,500,0,0,0,1,0,0,0,1,0,0,0
30,10.0,239,0,0,1,0,0,0,1,0,0,0,0
2500,0.0,500,0,0,1,1,0,0,0,1,0,0,0
3000,0.0,800,0,0,1,0,0,0,0,1,0,0,0
1000,0.0,500,0,0,0,1,0,0,0,1,0,0,0
80,0.0,300,0,0,0,0,0,0,1,0,0,0,0
65,0.0,650,0,0,0,0,0,0,1,0,0,0,0
1500,0.0,1700,0,0,0,0,0,0,0,1,0,0,0
300,7.6,250,0,1,1,0,0,0,0,0,1,0,0
350,9.0,400,0,1,0,0,1,0,1,0,0,0,0
500,8.9,790,0,0,1,0,1,0,0,0,1,0,0
300,8.1,350,1,1,0,0,0,0,0,0,1,0,0
55,10.0,230,0,0,0,0,0,0,1,0,0,0,0
140,9.2,500,0,0,1,0,0,0,0,0,1,0,0
110,9.7,468,0,0,0,0,1,0,1,0,0,0,0
350,10.0,800,0,0,0,0,0,0,1,0,0,0,0
35,10.0,360,0,0,0,0,0,0,1,0,0,0,0
125,8.3,650,0,0,0,0,0,0,1,0,0,0,0
400,9.8,500,0,0,0,0,1,0,1,0,0,0,0
150,9.4,420,0,0,0,0,0,0,1,0,0,0,0
90,10.0,450,0,0,0,0,0,0,1,0,0,0,0
450,0.0,1500,0,0,1,0,0,0,1,0,0,0,0
5000,9.3,1200,0,0,1,0,0,0,0,1,0,0,0
40,0.0,310,0,0,1,0,1,0,1,0,0,0,0
210,0.0,600,0,0,0,0,0,0,1,0,0,0,0
60,0.0,900,0,0,1,0,0,0,1,0,0,0,0
10000,0.0,1500,0,0,1,0,1,0,0,1,0,0,0
2000,0.0,400,0,0,1,0,0,0,0,1,0,0,0
2000,0.0,400,0,0,1,0,0,0,0,1,0,0,0
400,0.0,600,0,0,1,0,0,0,0,1,0,0,0
100,0.0,600,0,0,0,1,0,0,0,1,0,0,0
3500,0.0,750,0,0,0,1,0,0,0,1,0,0,0
120,0.0,1450,0,0,1,0,0,0,1,0,0,0,0
400,8.5,750,0,0,1,0,0,0,0,0,1,0,0
300,7.6,250,0,1,0,0,1,0,0,0,1,0,0
300,7.6,250,0,1,0,0,0,0,0,0,1,0,0
300,8.3,600,0,0,1,0,1,0,0,0,0,0,1
650,9.5,600,0,0,0,0,0,0,0,0,0,1,0
5000,10.0,1500,0,0,1,1,0,0,0,1,0,0,0
56,9.1,310,0,0,0,0,0,0,1,0,0,0,0
300,8.7,550,1,0,1,0,0,0,0,0,1,0,0
300,8.6,360,1,0,1,0,1,0,0,0,1,0,0
200,8.4,199,1,0,0,1,0,0,0,0,1,0,0
150,10.0,950,0,0,0,0,0,0,1,0,0,0,0
100,8.6,400,0,0,0,0,0,0,1,0,0,0,0
120,10.0,670,0,0,0,0,0,0,1,0,0,0,0
200,9.5,550,1,0,1,0,0,0,0,0,1,0,0
550,0.0,550,0,1,1,0,0,0,0,0,1,0,0
25,10.0,200,0,0,0,0,0,1,1,0,0,0,0
5000,0.0,1250,0,0,1,0,0,0,0,1,0,0,0
3000,0.0,800,0,0,1,1,0,0,0,1,0,0,0
148,0.0,500,0,0,1,0,0,0,0,0,1,0,0
94,10.0,1200,0,0,0,0,0,0,1,0,0,0,0
2500,0.0,699,0,0,1,0,0,0,0,1,0,0,0
750,0.0,750,0,0,1,0,0,0,0,1,0,0,0
2500,0.0,699,0,0,1,0,0,0,0,1,0,0,0
1200,0.0,450,0,0,1,0,0,0,0,1,0,0,0
3000,0.0,1100,0,0,1,0,0,0,0,1,0,0,0
350,7.4,350,0,1,1,0,0,0,0,0,1,0,0
20000,0.0,4500,0,0,0,0,0,0,0,1,0,0,0
2000,6.7,500,0,0,1,1,0,0,0,1,0,0,0
165,9.6,2000,0,0,1,0,0,0,1,0,0,0,0
20000,0.0,2000,0,0,1,0,0,0,0,0,0,1,0
200,9.6,750,0,0,0,0,0,0,1,0,0,0,0
2500,9.5,420,0,0,1,0,0,0,0,1,0,0,0
1500,9.0,500,0,0,1,0,0,0,0,1,0,0,0
2500,9.0,800,0,0,1,0,0,0,0,1,0,0,0
185,0.0,999,0,0,0,0,0,0,1,0,0,0,0
100,0.0,410,0,0,0,0,1,0,1,0,0,0,0
250,9.0,500,0,0,0,0,1,0,0,0,1,0,0
300,7.6,250,0,1,0,0,0,0,0,0,1,0,0
550,7.7,450,1,0,1,0,1,0,0,0,1,0,0
300,7.7,390,1,1,0,0,1,0,0,0,1,0,0
1350,8.4,440,0,0,1,0,0,0,0,1,0,0,0
2000,9.7,1600,0,0,0,0,0,0,0,0,1,0,0
1200,9.4,1200,0,0,1,0,0,0,0,0,1,0,0
450,8.0,700,0,1,1,0,0,0,0,0,1,0,0
500,9.9,1200,1,0,0,0,0,0,0,0,1,0,0
120,0.0,600,0,0,0,0,0,0,1,0,0,0,0
6000,9.8,2500,0,0,1,0,0,0,0,1,0,0,0
450,10.0,700,0,0,1,0,0,0,0,0,1,0,0
75,7.8,400,0,0,0,0,0,0,1,0,0,0,0
100,9.8,500,0,0,0,0,0,0,1,0,0,0,0
400,10.0,1400,1,0,1,0,0,0,0,0,1,0,0
350,9.8,350,1,0,1,0,0,0,0,0,1,0,0
300,8.6,360,1,0,0,0,1,0,0,0,1,0,0
350,8.7,400,1,0,1,0,0,0,0,0,1,0,0
34,10.0,290,0,0,0,0,0,0,1,0,0,0,0
130,9.8,1600,0,0,0,0,0,0,1,0,0,0,0
300,9.6,800,1,0,1,0,0,0,0,0,1,0,0
140,0.0,500,0,0,0,0,0,0,1,0,0,0,0
150,8.4,600,0,0,0,0,0,0,1,0,0,0,0
500,9.5,500,0,1,1,0,0,0,0,0,1,0,0
450,0.0,1500,0,1,1,0,0,0,0,0,1,0,0
450,0.0,1500,1,0,0,1,0,0,0,0,1,0,0
450,0.0,1500,0,0,0,0,0,0,1,0,0,0,0
120,9.5,1100,0,0,0,0,0,0,1,0,0,0,0
115,9.5,1150,0,0,0,0,0,0,1,0,0,0,0
550,0.0,700,1,0,1,0,0,0,0,0,1,0,0
550,0.0,700,0,1,0,0,0,0,0,0,1,0,0
135,9.5,1150,0,0,0,0,0,0,1,0,0,0,0
250,0.0,800,0,1,1,0,0,0,0,0,1,0,0
50,9.8,285,0,0,0,0,0,0,1,0,0,0,0
2000,0.0,800,0,0,1,0,0,0,0,1,0,0,0
3750,9.4,450,0,0,0,1,0,0,0,1,0,0,0
130,10.0,600,0,0,0,0,0,0,1,0,0,0,0
300,0.0,1250,0,0,0,0,0,0,1,0,0,0,0
2000,0.0,1330,0,0,1,0,0,0,0,1,0,0,0
3000,0.0,618,0,0,1,0,0,0,0,1,0,0,0
1400,0.0,800,0,0,0,1,0,0,0,1,0,0,0
1200,0.0,450,0,0,1,0,0,0,0,1,0,0,0
450,9.3,690,0,0,1,0,1,0,1,0,0,0,0
350,8.2,240,0,0,1,1,0,0,0,0,1,0,0
300,9.1,850,0,0,0,0,1,0,0,0,1,0,0
5000,10.0,1700,0,0,0,1,0,0,0,0,0,1,0
850,10.0,1000,1,0,0,0,0,0,0,0,1,0,0
270,8.0,900,0,0,1,0,0,0,0,0,1,0,0
350,9.1,1200,1,0,1,0,1,0,0,0,1,0,0
350,9.9,950,1,1,0,0,0,0,0,0,1,0,0
1100,10.0,1100,1,0,1,0,0,0,0,0,1,0,0
150,9.3,600,0,0,0,0,0,0,1,0,0,0,0
70,9.7,750,0,0,0,0,0,0,1,0,0,0,0
130,10.0,2500,0,0,0,0,0,0,1,0,0,0,0
110,9.1,1150,0,0,0,0,0,0,1,0,0,0,0
185,9.6,750,0,0,0,0,0,0,1,0,0,0,0
150,9.6,890,0,0,0,0,0,0,1,0,0,0,0
26,9.1,290,0,0,0,0,0,0,1,0,0,0,0
115,9.7,900,0,0,0,0,0,0,1,0,0,0,0
3000,10.0,2000,0,0,0,0,0,0,0,1,0,0,0
85,10.0,1300,0,0,0,0,0,0,1,0,0,0,0
120,7.3,480,0,0,0,0,0,0,1,0,0,0,0
450,0.0,1500,0,0,0,0,0,0,0,0,1,0,0
42,10.0,1800,0,0,0,0,0,0,1,0,0,0,0
164,10.0,1150,0,0,0,0,0,0,1,0,0,0,0
120,9.0,1099,0,0,0,0,0,0,1,0,0,0,0
300,8.0,900,0,0,0,0,0,0,0,0,1,0,0
112,0.0,5500,0,0,1,0,0,0,0,1,0,0,0
100,0.0,800,0,0,0,0,1,0,1,0,0,0,0
170,5.5,396,0,0,0,0,0,0,1,0,0,0,0
3500,0.0,1500,0,0,1,0,1,0,0,1,0,0,0
400,0.0,500,1,0,0,1,0,0,0,0,1,0,0
180,0.0,800,0,0,0,0,0,0,1,0,0,0,0
1000,0.0,900,0,0,1,0,0,0,0,1,0,0,0
180,0.0,750,0,0,0,0,0,0,1,0,0,0,0
900,7.7,650,1,0,1,0,1,0,0,0,1,0,0
500,9.4,2700,1,0,1,0,0,0,0,0,1,0,0
300,8.3,600,0,0,1,0,1,0,0,0,0,0,1
400,8.8,600,1,0,0,1,1,0,0,0,1,0,0
900,10.0,1800,0,0,0,0,0,0,0,0,0,0,1
700,7.7,400,0,0,1,0,1,0,0,0,1,0,0
4000,9.0,1900,0,0,1,0,0,0,0,1,0,0,0
400,8.8,399,0,1,0,1,1,0,0,0,1,0,0
300,9.2,400,0,0,1,0,1,0,0,0,1,0,0
250,8.2,450,1,0,1,0,1,0,0,0,1,0,0
500,9.0,500,0,1,1,0,1,0,0,0,1,0,0
400,10.0,1200,1,0,1,0,0,0,0,0,1,0,0
147,9.2,3300,0,0,0,0,0,0,1,0,0,0,0
330,9.8,1000,1,0,1,0,0,0,0,0,1,0,0
330,9.8,1100,0,0,1,0,0,0,0,0,1,0,0
86,9.7,950,0,0,0,0,0,0,1,0,0,0,0
400,9.2,950,0,0,0,0,0,0,1,0,0,0,0
110,9.5,1100,0,0,0,0,0,0,1,0,0,0,0
200,7.5,400,0,0,0,0,0,0,1,0,0,0,0
3000,10.0,2000,0,0,1,0,0,0,0,1,0,0,0
20,10.0,399,0,0,0,0,0,0,1,0,0,0,0
125,10.0,1250,0,0,0,0,0,0,1,0,0,0,0
1000,9.3,400,0,0,0,1,0,0,0,1,0,0,0
1200,0.0,700,0,0,1,0,0,0,0,1,0,0,0
700,0.0,500,0,1,0,0,1,0,0,0,0,1,0
280,0.0,700,1,0,1,0,0,0,0,0,1,0,0
2000,0.0,1330,0,0,1,0,0,0,0,1,0,0,0
1400,0.0,800,0,0,1,0,0,0,0,1,0,0,0
4250,0.0,500,0,0,1,0,1,0,0,1,0,0,0
5000,0.0,840,0,0,1,0,0,0,0,1,0,0,0
5000,0.0,940,0,0,1,0,0,0,0,1,0,0,0
2500,0.0,2465,0,0,0,0,0,0,0,0,0,0,1
1500,0.0,2338,0,0,0,1,0,0,0,0,0,0,1
500,0.0,800,0,0,0,1,0,0,0,1,0,0,0
5000,0.0,1500,0,0,1,0,0,0,0,1,0,0,0
450,9.1,1000,0,0,0,0,1,0,0,0,1,0,0
370,8.3,800,0,0,1,0,1,0,0,0,0,0,1
400,8.3,490,0,0,0,0,1,0,0,0,1,0,0
800,9.0,700,0,1,0,0,0,0,0,0,0,1,0
5000,0.0,850,0,0,1,0,0,0,0,1,0,0,0
400,8.4,700,1,1,0,1,1,0,0,0,1,0,0
560,9.3,750,0,0,1,0,0,0,0,0,0,1,0
500,8.9,790,0,0,1,0,1,0,0,0,1,0,0
500,9.0,892,0,0,0,1,0,0,0,0,1,0,0
240,9.1,600,0,1,1,0,0,0,0,0,1,0,0
20000,9.4,1500,0,1,1,0,0,0,0,0,0,1,0
300,9.2,400,0,0,1,0,1,0,0,0,1,0,0
420,9.0,500,0,1,0,1,1,0,0,0,1,0,0
250,8.2,450,0,0,1,0,1,0,0,0,1,0,0
350,9.1,1200,0,1,0,0,1,0,0,0,1,0,0
2500,7.7,4500,0,0,0,0,0,0,0,0,0,1,0
350,10.0,550,0,1,1,0,0,0,0,0,1,0,0
500,9.0,500,0,1,1,0,1,0,0,0,1,0,0
450,8.3,700,1,0,0,0,0,0,0,0,1,0,0
170,0.0,600,0,0,0,0,1,0,1,0,0,0,0
300,8.4,700,0,1,0,0,0,0,0,0,1,0,0
700,10.0,1200,0,1,0,0,0,0,0,0,1,0,0
300,10.0,550,0,1,1,0,0,0,0,0,1,0,0
126,10.0,969,0,0,0,0,1,0,1,0,0,0,0
28,10.0,290,0,0,0,0,0,0,1,0,0,0,0
500,10.0,780,1,0,1,0,0,0,0,0,1,0,0
1225,10.0,800,0,1,0,0,0,0,0,0,0,1,0
900,10.0,5000,0,0,1,1,0,0,0,0,0,1,0
300,10.0,450,0,0,1,1,0,0,0,0,1,0,0
22,9.4,300,0,0,0,0,0,1,1,0,0,0,0
200,5.8,349,0,0,0,0,0,0,1,0,0,0,0
110,10.0,1200,0,0,0,0,0,0,1,0,0,0,0
35,8.5,150,0,0,0,0,0,0,1,0,0,0,0
3000,0.0,3500,1,0,1,0,0,0,0,0,1,0,0
3450,0.0,1200,0,0,1,0,0,0,0,1,0,0,0
500,0.0,1700,0,0,1,0,0,0,0,1,0,0,0
500,0.0,1700,0,0,1,0,0,0,0,1,0,0,0
81,0.0,380,0,0,0,0,0,0,1,0,0,0,0
10000,0.0,495,0,0,1,0,0,0,0,1,0,0,0
1000,0.0,500,0,0,1,1,0,0,0,1,0,0,0
150,0.0,1200,0,0,0,0,1,0,1,0,0,0,0
460,8.9,950,0,0,0,1,0,0,0,0,1,0,0
500,9.5,3080,1,0,0,0,0,0,0,0,1,0,0
300,7.7,390,0,1,1,0,1,0,0,0,1,0,0
400,8.8,600,1,1,0,0,1,0,0,0,1,0,0
1000,9.8,750,1,0,1,1,0,0,0,0,0,1,0
450,8.7,810,0,1,0,0,0,0,1,0,0,0,0
250,8.8,550,1,0,1,0,1,0,0,0,1,0,0
250,8.8,550,1,1,0,0,1,0,0,0,1,0,0
400,8.5,750,0,0,1,0,0,0,0,0,1,0,0
1000,9.7,1150,0,0,0,1,0,0,0,0,0,1,0
3000,9.9,910,0,0,0,1,1,0,0,1,0,0,0
100,9.8,500,0,0,0,0,0,0,1,0,0,0,0
300,10.0,550,1,0,1,0,0,0,0,0,1,0,0
500,9.9,700,1,0,1,0,1,0,0,0,1,0,0
300,8.6,360,1,0,1,0,1,0,0,0,1,0,0
450,9.8,1050,0,1,1,0,0,0,0,0,1,0,0
450,9.8,1050,0,1,1,0,0,0,0,0,1,0,0
120,10.0,800,0,0,0,0,0,0,1,0,0,0,0
1500,9.9,1000,0,1,1,0,1,0,0,0,0,1,0
300,6.0,990,0,1,1,0,0,0,0,0,1,0,0
130,9.8,1600,0,0,0,0,0,0,1,0,0,0,0
93,9.7,1200,0,0,0,0,0,0,1,0,0,0,0
300,9.6,800,0,1,1,0,0,0,0,0,1,0,0
30,8.9,450,0,0,1,0,0,0,1,0,0,0,0
60,9.5,373,0,0,0,0,0,0,1,0,0,0,0
141,9.9,25416,0,0,0,0,0,0,1,0,0,0,0
150,8.4,600,0,0,0,0,0,0,1,0,0,0,0
200,9.5,550,0,1,1,0,0,0,0,0,1,0,0
1200,6.6,600,1,0,0,1,0,0,0,0,0,1,0
20000,8.7,690,0,0,1,1,0,0,0,1,0,0,0
130,9.5,1150,0,0,0,0,0,0,1,0,0,0,0
250,0.0,750,0,0,0,0,0,0,1,0,0,0,0
170,7.6,269,0,0,0,0,0,0,1,0,0,0,0
8000,0.0,1300,0,0,1,0,0,0,0,1,0,0,0
300,0.0,600,0,0,0,0,0,0,0,0,1,0,0
300,0.0,700,1,0,1,0,0,0,0,0,1,0,0
300,0.0,600,0,0,1,1,0,0,0,0,1,0,0
500,0.0,1500,0,0,1,0,0,0,0,1,0,0,0
2500,0.0,700,0,0,0,0,0,0,0,0,0,1,0
365,10.0,800,0,0,0,0,1,0,1,0,0,0,0
365,10.0,800,0,1,0,0,1,0,0,0,1,0,0
365,10.0,800,0,0,0,0,1,0,0,0,1,0,0
365,10.0,800,0,0,0,0,1,0,1,0,0,0,0
500,9.3,690,0,1,1,0,1,0,0,0,1,0,0
450,8.1,1100,0,0,1,0,1,0,1,0,0,0,0
450,10.0,1500,1,0,1,0,0,0,0,0,1,0,0
260,8.8,400,0,1,1,0,1,0,0,0,1,0,0
150,8.3,600,0,0,0,0,1,0,1,0,0,0,0
3000,10.0,1200,1,1,1,0,1,0,0,0,1,0,0
600,9.0,800,0,0,0,1,0,0,0,0,0,1,0
400,8.2,450,1,1,0,0,1,0,0,0,1,0,0
450,9.3,1300,1,0,1,0,0,0,0,0,1,0,0
3000,9.0,950,0,0,0,1,0,0,0,1,0,0,0
600,9.4,700,0,1,1,0,0,0,0,0,1,0,0
525,0.0,1538,0,0,1,0,0,0,0,0,1,0,0
225,9.0,900,1,0,0,0,0,0,0,0,1,0,0
300,9.1,850,1,0,1,0,1,0,0,0,1,0,0
750,10.0,5000,0,1,0,0,1,0,0,0,1,0,0
950,9.1,1000,0,0,0,1,0,0,0,0,0,1,0
625,10.0,3500,1,0,1,0,0,0,0,0,1,0,0
450,10.0,3000,1,0,1,0,0,0,0,0,0,0,1
420,9.0,500,1,0,1,0,1,0,0,0,1,0,0
3000,9.9,800,0,0,0,0,0,0,0,1,0,0,0
400,9.1,1350,1,0,1,0,0,0,0,0,1,0,0
450,10.0,2300,0,1,1,0,1,0,0,0,0,0,1
2500,9.5,5000,1,0,0,0,0,0,0,0,1,0,0
460,9.3,1000,0,1,1,0,0,0,0,0,0,1,0
500,9.0,500,0,1,0,0,1,0,0,0,1,0,0
500,9.0,500,0,0,1,0,1,0,0,1,0,0,0
250,9.2,3135,1,0,1,0,0,0,0,0,1,0,0
300,8.2,280,0,0,0,1,1,0,0,0,1,0,0
300,8.2,280,1,0,0,1,1,0,0,0,1,0,0
350,9.1,800,0,1,1,0,0,0,0,0,1,0,0
100,10.0,1400,1,0,1,0,0,0,0,0,1,0,0
800,10.0,1200,1,0,1,0,0,0,0,0,1,0,0
600,10.0,700,1,0,0,1,0,0,0,0,1,0,0
450,10.0,600,1,1,1,0,1,0,0,0,1,0,0
160,10.0,550,0,0,0,0,1,0,1,0,0,0,0
375,10.0,1500,0,0,0,1,0,0,0,0,1,0,0
900,10.0,1100,0,0,1,1,0,0,0,0,0,1,0
200,10.0,2000,0,0,0,0,0,0,0,0,1,0,0
600,10.0,2210,0,0,1,0,0,0,0,0,1,0,0
400,10.0,1530,1,0,0,1,0,0,0,0,1,0,0
400,10.0,1079,1,1,1,0,0,0,0,0,1,0,0
400,10.0,1079,1,0,1,0,0,0,0,0,1,0,0
110,10.0,900,0,0,0,0,0,0,1,0,0,0,0
400,9.1,1100,0,0,0,0,0,0,0,0,1,0,0
100,10.0,1500,0,0,0,0,0,0,1,0,0,0,0
300,9.3,800,1,0,0,0,1,0,0,0,1,0,0
1000,9.0,1500,0,0,1,0,0,0,0,0,1,0,0
450,10.0,1000,0,1,1,0,0,0,0,0,1,0,0
570,10.0,780,0,0,0,0,0,0,0,0,1,0,0
350,10.0,660,0,0,1,0,0,0,0,0,1,0,0
390,10.0,700,0,1,1,0,0,0,0,0,0,1,0
93,10.0,1000,0,0,0,0,1,0,1,0,0,0,0
120,10.0,490,0,0,0,0,0,0,1,0,0,0,0
240,10.0,350,0,0,0,0,0,0,1,0,0,0,0
130,9.1,1150,0,0,0,0,0,0,1,0,0,0,0
130,10.0,990,0,0,1,0,0,0,1,0,0,0,0
300,8.7,450,0,0,1,0,0,0,0,0,1,0,0
45000,0.0,3000,0,0,1,0,0,0,0,1,0,0,0
4000,0.0,750,0,0,1,1,0,0,0,1,0,0,0
400,0.0,1200,0,0,0,0,0,0,1,0,0,0,0
100,9.9,650,0,0,0,0,1,0,1,0,0,0,0
170,7.6,296,0,0,0,0,0,0,1,0,0,0,0
10000,0.0,650,0,0,1,1,0,0,0,1,0,0,0
4000,0.0,750,0,0,1,1,0,0,0,1,0,0,0
2000,0.0,700,0,0,1,0,1,0,0,1,0,0,0
3450,0.0,1200,0,0,1,0,0,0,0,1,0,0,0
90,0.0,1999,0,0,0,0,0,0,1,0,0,0,0
400,6.6,350,0,0,1,0,1,0,0,0,1,0,0
300,8.5,700,0,0,0,0,0,0,0,0,1,0,0
430,8.5,400,1,0,1,0,1,0,0,0,1,0,0
450,9.7,2300,0,0,0,0,1,0,0,0,0,1,0
450,9.7,2300,0,0,0,0,1,0,0,0,0,1,0
450,9.7,2300,0,0,0,0,1,0,0,0,0,1,0
450,9.7,2300,0,0,0,0,1,0,0,0,0,1,0
20000,0.0,4800,0,0,0,0,0,0,0,1,0,0,0
1000,10.0,400,0,0,1,0,1,0,0,1,0,0,0
438,8.8,1320,0,0,1,1,1,0,0,0,1,0,0
1000,7.6,1100,1,1,0,0,0,0,0,0,1,0,0
500,9.5,2175,0,0,0,0,0,0,0,0,0,0,1
500,9.5,2385,1,0,0,0,0,0,0,0,1,0,0
1200,9.9,1500,0,0,1,0,0,0,0,0,0,0,1
1200,9.9,1500,0,0,1,0,0,0,0,0,0,0,1
350,8.8,1000,0,1,1,0,1,0,0,0,1,0,0
1000,9.8,750,1,0,1,1,0,0,0,0,0,1,0
800,8.6,800,1,0,0,0,0,0,0,0,0,1,0
700,7.7,400,0,0,1,0,1,0,0,0,1,0,0
4000,7.6,880,0,0,1,0,0,0,0,1,0,0,0
20000,7.5,1200,0,0,1,0,0,0,0,1,0,0,0
520,8.9,950,0,1,0,0,1,0,0,0,1,0,0
380,8.2,400,0,0,1,0,0,0,0,0,1,0,0
1000,9.7,1150,1,1,0,0,0,0,0,0,0,1,0
1000,9.7,1150,1,0,1,0,0,0,0,0,0,1,0
1000,9.7,1150,0,0,1,0,0,0,0,0,0,1,0
450,7.5,500,0,0,1,0,0,0,0,0,1,0,0
100,9.9,650,0,0,0,0,1,0,1,0,0,0,0
2000,9.4,540,0,0,1,0,0,0,0,1,0,0,0
1000,7.9,460,0,0,1,0,0,0,0,1,0,0,0
2000,9.8,600,0,0,0,1,0,0,0,0,0,1,0
450,8.5,500,1,0,1,0,0,0,0,0,1,0,0
3000,9.8,400,0,0,1,0,0,0,0,0,0,1,0
600,9.9,1000,1,1,0,0,1,0,0,0,1,0,0
650,8.5,600,1,1,1,0,0,0,0,0,1,0,0
650,8.5,600,1,0,1,1,0,0,0,0,1,0,0
300,8.6,360,1,0,1,0,1,0,0,0,1,0,0
400,8.6,420,1,1,0,0,1,0,0,0,1,0,0
450,9.8,1050,1,0,1,0,0,0,0,0,1,0,0
300,9.9,900,0,1,1,0,1,0,0,0,1,0,0
45,8.8,750,0,0,0,0,0,0,1,0,0,0,0
600,9.8,900,1,0,1,1,1,0,0,0,1,0,0
450,9.8,900,0,1,1,0,1,0,0,0,1,0,0
450,9.8,900,0,0,1,1,1,0,0,0,1,0,0
600,9.8,900,1,0,0,1,1,0,0,0,1,0,0
600,9.8,900,1,0,1,0,1,0,0,0,1,0,0
550,9.8,950,1,0,0,0,0,0,0,1,0,0,0
400,8.6,750,1,1,0,0,1,0,0,0,1,0,0
120,9.6,750,0,0,0,0,0,0,1,0,0,0,0
150,9.6,470,0,0,0,0,0,0,1,0,0,0,0
600,8.5,500,1,0,1,0,0,0,0,0,1,0,0
500,9.8,1000,1,0,1,0,0,0,0,0,1,0,0
500,9.8,1000,0,0,0,1,0,0,0,0,1,0,0
500,9.8,1000,1,0,1,0,0,0,0,0,1,0,0
500,9.8,1000,1,0,1,0,0,0,0,0,1,0,0
44,9.7,600,0,0,0,0,0,0,1,0,0,0,0
44,9.7,600,0,0,0,0,0,0,1,0,0,0,0
300,9.1,1080,1,0,1,1,0,0,0,0,1,0,0
700,9.8,1100,0,0,1,0,1,0,0,0,1,0,0
700,9.8,1100,1,0,1,0,1,0,0,0,1,0,0
700,9.8,1200,1,0,0,0,1,0,0,0,1,0,0
700,9.8,1200,0,0,1,0,1,0,0,0,1,0,0
400,9.8,800,0,0,0,1,1,0,0,0,1,0,0
500,9.8,900,0,0,1,1,1,0,0,0,1,0,0
200,9.5,580,1,0,1,0,0,0,0,0,1,0,0
450,9.8,500,1,0,1,0,0,0,0,0,1,0,0
450,9.8,500,1,0,1,0,0,0,0,0,1,0,0
8000,0.0,2500,0,1,1,0,0,0,0,0,0,1,0
210,0.0,1300,0,0,0,0,0,0,1,0,0,0,0
20000,0.0,7000,0,0,1,0,0,0,0,1,0,0,0
240,0.0,1600,0,0,0,0,0,0,0,0,1,0,0
240,0.0,1600,0,0,0,1,0,0,0,0,1,0,0
4500,0.0,650,0,0,1,0,0,0,0,1,0,0,0
146,0.0,998,0,0,0,0,0,0,1,0,0,0,0
450,9.5,500,0,0,1,0,0,0,0,0,1,0,0
250,9.0,500,1,0,1,0,1,0,0,0,1,0,0
400,7.2,600,0,1,0,1,1,0,0,0,1,0,0
300,8.0,500,1,0,0,1,1,0,0,0,1,0,0
200,7.2,349,0,1,0,0,0,0,0,0,1,0,0
150,5.1,300,0,0,0,1,1,0,0,0,1,0,0
500,9.3,1085,0,0,0,0,1,0,0,0,1,0,0
450,9.3,980,0,0,1,0,1,0,0,0,1,0,0
450,9.3,980,0,1,0,0,1,0,0,0,1,0,0
500,9.3,980,0,0,1,1,1,0,0,0,1,0,0
700,9.2,1200,0,1,0,0,0,0,0,0,0,0,1
700,9.2,1200,0,0,0,0,0,0,1,0,0,0,0
700,9.2,1200,0,0,0,0,0,0,0,0,0,0,1
700,9.2,1200,0,0,0,0,0,0,0,0,0,0,1
3000,8.4,1150,0,0,0,1,0,0,0,0,0,1,0
350,9.3,1200,0,1,1,0,0,0,0,0,1,0,0
350,9.3,1200,0,1,1,0,0,0,0,0,1,0,0
350,9.3,1200,1,1,0,0,0,0,0,0,1,0,0
350,9.3,1200,0,0,1,0,0,0,0,0,1,0,0
350,9.3,1200,1,0,1,0,0,0,0,0,1,0,0
350,9.3,1200,1,1,0,0,0,0,0,0,1,0,0
600,8.2,450,0,0,1,0,1,0,0,0,1,0,0
400,8.0,700,1,0,1,0,0,0,0,0,1,0,0
450,9.3,1300,1,0,1,0,0,0,0,0,1,0,0
350,9.0,400,0,0,0,0,1,0,1,0,0,0,0
350,9.0,400,0,1,0,0,1,0,1,0,0,0,0
15000,9.1,1500,0,0,1,0,0,0,0,0,0,1,0
250,8.1,595,1,0,1,0,1,0,1,0,0,0,0
250,8.1,595,1,0,1,0,1,0,0,0,1,0,0
500,6.8,500,0,1,0,0,1,0,0,0,1,0,0
500,9.3,1000,0,1,0,0,1,0,1,0,0,0,0
1700,9.0,4000,1,0,0,1,1,0,0,1,0,0,0
2000,9.2,999,1,0,0,1,0,0,0,0,0,1,0
500,8.9,790,0,1,0,0,1,0,0,0,1,0,0
300,9.1,850,0,0,0,0,1,0,0,0,1,0,0
450,9.4,1200,1,0,1,0,1,0,0,0,1,0,0
600,9.0,935,0,1,0,0,0,0,0,0,1,0,0
450,9.4,1200,1,0,1,0,1,0,0,0,1,0,0
560,9.3,500,0,0,0,1,0,0,0,0,0,1,0
450,9.3,1500,0,0,1,0,1,0,0,0,1,0,0
450,9.3,1500,0,0,1,0,1,0,0,0,1,0,0
450,9.3,1500,1,0,0,0,1,0,0,0,1,0,0
450,8.3,600,0,1,0,1,0,0,0,0,1,0,0
500,8.3,600,0,0,1,1,0,0,0,0,1,0,0
500,8.3,600,0,0,0,1,0,0,0,0,1,0,0
350,8.2,600,0,1,0,1,1,0,0,0,1,0,0
2000,10.0,2000,0,0,1,0,1,0,0,0,0,0,1
12000,9.3,1650,0,0,1,0,0,0,0,1,0,0,0
24000,10.0,4500,0,0,1,0,0,0,0,1,0,0,0
350,9.1,1100,1,0,1,0,1,0,0,0,1,0,0
270,8.0,880,0,1,0,0,0,0,0,0,1,0,0
250,9.2,3685,1,0,1,0,0,0,0,0,1,0,0
250,9.2,3905,0,0,1,0,0,0,0,0,1,0,0
600,9.1,2000,1,0,1,0,0,0,0,0,1,0,0
400,9.1,2000,1,1,1,0,1,0,0,0,1,0,0
300,8.2,350,1,0,1,0,1,0,0,0,1,0,0
300,8.2,280,0,0,1,1,1,0,0,0,1,0,0
300,8.2,280,0,0,1,1,1,0,0,0,1,0,0
350,9.1,1000,1,0,1,0,0,0,0,0,1,0,0
350,9.1,1000,1,0,1,0,0,0,0,0,1,0,0
10000,9.2,1800,0,1,0,0,0,0,0,0,0,1,0
5000,7.5,3000,0,0,1,0,0,0,0,0,0,1,0
1000,9.9,1200,0,0,0,0,0,0,0,0,1,0,0
300,9.3,800,0,0,1,1,1,0,0,0,1,0,0
320,8.0,500,1,0,1,0,0,0,0,0,1,0,0
400,9.0,440,1,0,1,0,0,0,0,0,1,0,0
2000,7.9,1100,0,0,1,0,1,0,0,1,0,0,0
90,7.7,1200,0,0,0,0,0,0,1,0,0,0,0
300,8.6,500,1,0,1,0,0,0,0,0,1,0,0
300,8.6,500,1,0,1,0,0,0,0,0,1,0,0
150,10.0,450,0,0,0,0,0,0,1,0,0,0,0
170,0.0,1200,0,0,0,0,0,0,1,0,0,0,0
7000,0.0,550,0,0,1,0,0,0,0,1,0,0,0
240,0.0,1600,0,0,0,0,0,0,0,0,1,0,0
240,0.0,1600,1,0,0,0,0,0,0,0,1,0,0
65,0.0,650,0,0,0,0,0,0,1,0,0,0,0
200,7.5,650,0,1,0,0,1,0,0,0,1,0,0
460,8.9,950,0,1,0,0,0,0,0,0,1,0,0
300,7.6,250,0,1,0,0,1,0,0,0,1,0,0
400,8.6,1150,0,1,1,0,1,0,0,0,0,0,1
400,8.6,1150,0,1,1,0,1,0,0,0,1,0,0
650,8.6,1500,0,0,0,0,1,0,0,0,1,0,0
500,8.6,1400,1,0,1,0,1,0,0,0,1,0,0
700,7.7,450,0,0,1,0,1,0,0,0,1,0,0
220,8.8,750,0,1,0,1,1,0,0,0,1,0,0
500,8.8,1450,0,0,0,1,1,0,1,0,0,0,0
225,7.7,398,0,1,0,1,1,0,0,0,1,0,0
300,8.5,850,0,0,1,1,0,0,0,0,1,0,0
300,8.5,850,0,0,0,1,0,0,0,0,1,0,0
300,8.5,850,0,0,1,0,0,0,0,0,1,0,0
225,7.7,398,0,0,1,0,1,0,0,0,1,0,0
350,8.8,1000,0,1,0,0,1,0,0,0,1,0,0
350,8.8,1000,0,0,0,0,1,0,0,0,1,0,0
350,8.8,1000,0,0,0,0,1,0,0,0,1,0,0
350,8.8,1000,0,0,1,0,1,0,0,0,1,0,0
350,8.8,1000,0,0,0,0,1,0,0,0,1,0,0
300,8.5,400,0,1,0,1,1,0,0,0,1,0,0
300,8.7,600,0,0,0,0,1,0,0,0,1,0,0
300,8.7,600,0,0,1,0,1,0,0,0,1,0,0
400,8.8,399,1,0,0,1,1,0,0,0,1,0,0
200,7.9,450,0,0,0,0,1,0,0,0,1,0,0
1250,8.5,1200,1,1,0,0,1,0,0,0,1,0,0
440,8.5,320,0,1,0,0,0,0,0,0,0,1,0
320,7.9,500,0,0,1,0,1,0,0,0,1,0,0
320,7.9,500,1,0,1,0,1,0,0,0,1,0,0
400,8.6,750,0,0,0,0,0,0,0,0,0,1,0
450,8.8,2000,0,0,0,0,0,0,0,0,1,0,0
250,8.9,700,0,1,0,0,0,0,0,0,1,0,0
2000,8.8,700,0,1,0,1,0,0,0,0,0,1,0
300,8.7,500,1,0,0,1,0,0,0,0,1,0,0
250,8.7,700,1,0,1,0,0,0,0,0,1,0,0
400,8.9,700,1,1,1,0,0,0,0,0,1,0,0
400,8.9,700,1,0,1,0,0,0,0,0,1,0,0
150,7.0,250,1,0,1,0,1,0,0,0,1,0,0
650,8.5,600,1,0,1,1,0,0,0,0,1,0,0
300,8.6,360,1,1,0,0,1,0,0,0,1,0,0
400,8.9,700,0,0,0,1,0,0,0,0,1,0,0
230,8.6,300,0,0,1,0,0,0,0,0,0,1,0
440,8.9,800,1,1,0,0,0,0,0,0,1,0,0
440,8.9,800,1,0,0,1,0,0,0,0,1,0,0
340,8.6,800,1,0,1,0,0,0,0,0,1,0,0
350,8.8,475,1,0,1,0,0,0,0,0,1,0,0
400,9.1,1100,0,0,0,0,0,0,0,0,1,0,0
300,8.6,650,0,0,1,1,1,0,0,0,1,0,0
400,8.6,750,1,0,1,0,1,0,0,0,1,0,0
300,8.6,650,1,0,1,0,1,0,0,0,1,0,0
350,8.6,650,1,0,1,0,1,0,0,0,1,0,0
350,8.6,650,1,0,1,1,1,0,0,0,1,0,0
35,8.9,800,0,0,0,0,0,0,1,0,0,0,0
35,8.9,800,0,0,0,0,0,0,1,0,0,0,0
30,8.9,475,0,0,1,0,0,0,1,0,0,0,0
30,8.9,475,0,0,1,0,0,0,1,0,0,0,0
111,10.0,1250,0,0,0,0,0,0,1,0,0,0,0
150,8.4,600,0,0,0,0,0,0,1,0,0,0,0
150,8.9,400,0,0,1,0,0,0,1,0,0,0,0
200,10.0,499,0,0,0,0,0,0,1,0,0,0,0
600,8.6,1000,1,0,1,0,0,0,0,0,1,0,0
300,8.6,500,0,1,0,1,0,0,0,0,1,0,0
140,7.7,1400,0,0,0,0,0,0,1,0,0,0,0
140,7.7,1400,0,0,0,0,0,0,1,0,0,0,0
20000,0.0,1300,0,0,1,0,0,0,0,1,0,0,0
7000,0.0,1200,0,0,0,1,0,0,0,1,0,0,0
7000,0.0,1200,0,0,0,1,0,0,0,1,0,0,0
5000,0.0,2200,0,0,1,0,0,0,0,1,0,0,0
90,0.0,250,0,0,0,0,0,0,1,0,0,0,0
5000,0.0,800,0,1,0,0,1,0,0,1,0,0,0
10000,0.0,550,0,0,1,0,0,0,0,1,0,0,0
100,0.0,350,0,0,0,0,0,0,1,0,0,0,0
10000,0.0,800,0,0,1,0,1,0,0,1,0,0,0
300,0.0,600,1,0,1,0,1,0,0,0,1,0,0
5000,0.0,700,0,0,1,0,0,0,0,1,0,0,0
240,0.0,1600,0,0,0,0,0,0,0,0,1,0,0
240,0.0,1600,1,0,0,0,0,0,0,0,1,0,0
240,0.0,1600,0,0,0,0,0,0,0,0,1,0,0
240,0.0,1600,0,0,0,1,0,0,0,0,1,0,0
240,0.0,1600,0,0,0,0,0,0,0,0,1,0,0
240,0.0,1600,0,0,0,0,0,0,0,0,1,0,0
240,0.0,1600,0,0,1,0,0,0,0,0,1,0,0
240,0.0,1600,1,0,0,0,0,0,0,0,1,0,0
240,0.0,1600,0,0,0,1,0,0,0,0,1,0,0
240,0.0,1600,0,0,0,0,0,0,0,0,1,0,0
240,0.0,1600,1,0,0,0,0,0,0,0,1,0,0
240,0.0,1600,0,0,0,0,0,0,0,0,1,0,0
240,0.0,1600,0,0,1,0,0,0,0,0,1,0,0
240,0.0,1600,0,0,0,0,0,0,0,0,1,0,0
240,0.0,1600,0,0,1,0,0,0,0,0,1,0,0
240,0.0,1600,0,0,0,1,0,0,0,0,1,0,0
50000,0.0,1700,0,0,1,0,0,0,0,1,0,0,0
5000,0.0,499,0,0,1,0,0,0,0,1,0,0,0
320,8.3,1000,0,0,1,0,1,0,0,0,1,0,0
300,8.0,500,0,0,0,0,1,0,0,0,1,0,0
450,6.5,375,0,0,1,0,1,0,0,0,1,0,0
1500,7.3,1200,0,1,0,0,0,0,0,0,1,0,0
1200,7.3,1200,0,0,1,1,0,0,0,0,1,0,0
220,7.2,349,0,0,1,0,0,0,0,0,1,0,0
800,8.4,1000,0,1,0,0,0,0,0,0,0,1,0
300,8.4,450,0,1,1,0,0,0,0,0,1,0,0
400,8.1,1000,0,0,1,0,1,0,0,0,1,0,0
400,8.1,1000,0,0,1,0,1,0,0,0,1,0,0
400,8.1,1100,0,1,0,1,1,0,0,0,1,0,0
450,8.1,1100,1,0,0,0,1,0,0,0,1,0,0
350,8.0,800,0,0,1,0,1,0,0,0,1,0,0
300,8.1,1160,0,0,0,0,1,0,0,0,0,0,1
300,8.1,1160,0,0,1,0,1,0,0,0,0,0,1
300,8.1,1160,0,1,1,0,1,0,0,0,0,0,1
300,8.1,1160,0,0,0,0,1,0,0,0,0,0,1
300,8.1,1160,0,0,1,0,1,0,0,0,0,0,1
300,8.1,1160,1,0,1,0,1,0,0,0,0,0,1
300,8.1,1160,0,0,1,0,1,0,0,0,1,0,0
380,9.3,700,0,0,1,1,1,0,0,0,1,0,0
350,6.6,750,0,1,0,0,1,0,0,0,1,0,0
350,6.6,750,0,1,0,0,1,0,0,0,1,0,0
370,6.6,900,0,1,0,0,1,0,0,0,1,0,0
370,6.6,900,0,0,0,1,1,0,0,0,1,0,0
350,6.6,750,0,1,0,0,1,0,0,0,1,0,0
350,6.6,750,0,1,0,0,0,0,0,0,1,0,0
450,7.0,800,0,1,0,1,0,0,0,0,1,0,0
290,8.3,700,1,0,1,0,1,0,0,0,1,0,0
290,8.3,700,1,0,1,0,1,0,0,0,1,0,0
10000,8.4,1200,0,0,0,1,0,0,0,0,0,1,0
4000,9.2,988,0,0,1,0,1,0,0,1,0,0,0
600,6.8,500,0,0,1,0,1,0,0,0,1,0,0
300,8.2,1150,1,0,1,0,1,0,0,0,1,0,0
300,8.2,1150,0,1,0,0,1,0,0,0,1,0,0
260,8.3,600,1,0,0,0,1,0,0,0,1,0,0
260,8.3,600,1,0,0,0,1,0,0,0,1,0,0
260,8.3,600,1,0,1,0,1,0,0,0,1,0,0
260,8.3,600,1,1,0,0,1,0,0,0,1,0,0
300,8.3,600,0,0,1,0,1,0,0,0,1,0,0
300,8.3,600,1,0,1,0,1,0,0,0,1,0,0
300,8.3,600,0,0,1,0,1,0,0,0,1,0,0
250,7.1,800,1,0,1,0,0,0,1,0,0,0,0
380,7.0,700,0,1,0,0,1,0,0,0,1,0,0
350,8.4,600,0,0,1,0,1,0,0,0,1,0,0
300,8.4,600,0,0,1,0,1,0,0,0,1,0,0
300,8.4,600,0,0,1,0,1,0,0,0,1,0,0
300,8.4,600,0,0,1,0,1,0,0,0,1,0,0
300,8.4,600,0,0,1,0,1,0,0,0,1,0,0
300,8.4,600,0,0,1,0,1,0,0,0,1,0,0
350,8.4,600,0,1,0,0,1,0,0,0,1,0,0
220,8.1,500,0,0,1,0,1,0,0,0,1,0,0
300,9.2,400,0,0,0,0,1,0,0,0,1,0,0
8000,7.9,800,0,0,0,1,0,0,0,1,0,0,0
500,8.3,600,1,0,0,0,0,0,0,0,1,0,0
250,8.2,450,1,0,1,0,1,0,0,0,1,0,0
280,8.2,600,0,1,1,0,1,0,0,0,1,0,0
270,9.4,1500,1,0,1,0,0,0,0,0,1,0,0
450,10.0,1500,1,1,1,0,0,0,0,0,1,0,0
100,7.0,250,1,0,1,0,1,0,0,0,1,0,0
100,7.0,250,1,0,0,0,1,0,0,0,1,0,0
230,8.3,700,0,1,1,0,0,0,0,0,1,0,0
250,8.3,700,1,0,0,0,0,0,0,0,1,0,0
300,8.6,650,1,0,0,0,1,0,1,0,0,0,0
100,0.0,300,0,0,0,0,0,0,1,0,0,0,0
30,8.9,450,0,0,1,0,0,0,1,0,0,0,0
30,8.9,450,0,0,1,0,0,0,1,0,0,0,0
150,8.4,600,0,0,0,0,0,0,1,0,0,0,0
165,9.0,630,0,0,0,0,0,0,1,0,0,0,0
90,9.9,399,0,0,0,0,1,0,1,0,0,0,0
10000,8.1,800,0,0,1,0,0,0,0,1,0,0,0
150,9.4,700,0,0,0,0,0,0,1,0,0,0,0
90,9.3,750,0,0,0,0,0,0,1,0,0,0,0
140,10.0,800,0,0,0,0,0,0,1,0,0,0,0
230,7.0,1400,0,0,0,0,1,0,1,0,0,0,0
1000,0.0,500,0,0,1,0,0,0,0,1,0,0,0
150,0.0,1500,0,0,0,0,0,0,1,0,0,0,0
800,0.0,800,0,0,1,0,0,0,0,0,1,0,0
400,0.0,700,0,0,1,0,0,0,0,1,0,0,0
250,6.6,900,1,0,1,0,1,0,0,0,1,0,0
390,7.7,950,0,0,1,0,1,0,0,0,1,0,0
390,7.7,950,1,0,1,0,1,0,0,0,1,0,0
300,7.7,700,1,1,0,0,0,0,0,0,1,0,0
390,7.7,700,0,0,0,0,1,0,0,0,1,0,0
400,7.7,800,0,1,0,1,0,0,0,0,1,0,0
280,6.7,450,0,0,1,1,0,0,0,0,1,0,0
250,6.9,500,1,0,0,0,1,0,0,0,1,0,0
550,7.9,1500,0,0,1,0,1,0,0,0,1,0,0
550,7.9,1500,1,0,1,0,1,0,0,0,1,0,0
300,7.6,500,0,0,0,0,0,0,0,0,1,0,0
200,7.5,650,0,0,0,0,1,0,1,0,0,0,0
400,7.7,1650,1,0,1,0,1,0,0,0,1,0,0
10000,8.5,2000,0,0,0,1,0,0,0,0,0,1,0
300,6.5,350,0,1,0,0,1,0,0,0,1,0,0
600,7.5,600,1,0,0,1,0,0,0,0,1,0,0
700,7.7,450,1,0,1,0,1,0,0,0,1,0,0
900,7.7,650,0,1,1,0,1,0,0,0,1,0,0
2000,6.7,500,0,0,1,0,0,0,0,1,0,0,0
350,7.4,499,1,1,0,0,0,0,0,0,1,0,0
400,8.9,1000,0,0,1,0,1,0,0,0,1,0,0
300,8.2,900,0,0,0,0,0,0,1,0,0,0,0
550,7.4,500,0,1,1,0,0,0,0,0,1,0,0
3000,9.0,950,0,0,1,0,0,0,0,1,0,0,0
230,8.8,550,1,0,1,0,1,0,0,0,1,0,0
500,8.9,790,0,0,0,1,1,0,0,0,1,0,0
500,7.9,1000,0,1,0,0,1,0,0,0,1,0,0
500,7.9,1000,0,1,1,0,1,0,0,0,1,0,0
350,7.9,900,0,0,1,1,1,0,0,0,1,0,0
400,7.9,900,0,1,1,0,1,0,0,0,1,0,0
300,7.9,900,0,1,0,1,1,0,0,0,1,0,0
750,9.0,750,1,0,0,1,1,0,0,0,0,1,0
320,7.9,500,1,0,1,0,1,0,0,0,1,0,0
250,7.7,599,1,0,1,0,1,0,0,0,1,0,0
250,7.7,599,0,0,0,1,1,0,0,0,1,0,0
250,7.7,599,1,0,0,0,1,0,0,0,1,0,0
250,7.7,599,1,0,0,0,1,0,0,0,1,0,0
250,7.7,599,1,0,1,0,1,0,0,0,1,0,0
300,7.5,650,0,0,1,0,0,0,0,0,1,0,0
420,9.0,500,1,1,0,0,1,0,0,0,1,0,0
100,7.0,180,1,0,1,0,1,0,0,0,1,0,0
350,9.9,950,0,1,1,0,0,0,0,0,1,0,0
420,7.8,1000,1,0,1,0,1,0,0,0,1,0,0
200,6.7,550,0,0,0,0,0,0,1,0,0,0,0
300,6.6,600,0,1,0,1,0,0,0,0,1,0,0
100,10.0,650,0,0,0,0,0,0,1,0,0,0,0
90,10.0,1150,0,0,0,0,0,0,1,0,0,0,0
2000,7.9,1100,0,0,1,0,1,0,0,1,0,0,0
185,6.5,850,0,0,0,0,0,0,1,0,0,0,0
90,7.7,1200,0,0,0,0,0,0,1,0,0,0,0
10000,0.0,500,0,0,1,0,0,0,0,1,0,0,0
35,0.0,360,0,0,0,0,0,0,1,0,0,0,0
400,7.0,1050,0,0,1,0,1,0,0,0,0,0,1
400,7.0,1050,1,0,0,0,1,0,0,0,0,0,1
400,7.0,1050,1,0,1,0,1,0,0,0,0,0,1
550,7.0,2000,0,0,0,0,1,0,0,0,0,0,1
550,7.0,2000,0,0,0,0,1,0,0,0,0,0,1
400,7.0,1050,0,0,0,0,1,0,0,0,0,0,1
450,7.2,1850,0,1,0,0,1,0,0,0,1,0,0
450,7.2,1850,0,0,1,0,1,0,0,0,1,0,0
400,7.2,600,0,0,1,1,1,0,0,0,1,0,0
281,7.2,800,0,1,0,0,1,0,0,0,1,0,0
281,7.2,800,0,1,0,0,1,0,0,0,1,0,0
400,7.2,600,0,1,0,0,1,0,0,0,1,0,0
400,7.2,600,0,0,1,1,1,0,0,0,1,0,0
400,7.2,600,0,1,0,0,1,0,0,0,1,0,0
200,7.5,650,0,0,0,0,1,0,1,0,0,0,0
320,7.2,1400,0,1,0,0,1,0,0,0,1,0,0
320,7.2,900,0,1,0,0,1,0,0,0,1,0,0
320,7.2,1200,0,1,0,0,1,0,0,0,1,0,0
1800,7.3,1200,0,1,1,0,0,0,0,0,1,0,0
600,7.3,900,0,0,1,0,0,0,1,0,0,0,0
220,7.2,349,0,1,0,0,0,0,0,0,1,0,0
220,7.2,349,0,1,0,0,0,0,0,0,1,0,0
220,7.2,349,0,1,0,0,0,0,0,0,1,0,0
220,7.2,349,0,1,0,0,0,0,0,0,1,0,0
220,7.2,349,0,1,0,0,0,0,0,0,1,0,0
220,7.2,349,0,1,0,0,0,0,0,0,1,0,0
300,7.0,400,0,0,0,0,0,0,0,0,1,0,0
400,7.2,1100,0,0,1,0,0,0,0,0,1,0,0
300,7.2,700,0,0,1,0,1,0,0,0,1,0,0
300,7.2,700,0,1,0,1,1,0,0,0,1,0,0
300,7.2,700,0,0,1,0,1,0,0,0,1,0,0
300,7.0,600,0,0,1,1,0,0,0,0,1,0,0
300,7.0,600,0,1,1,0,0,0,0,0,1,0,0
300,7.0,800,0,1,0,1,0,0,0,0,1,0,0
300,7.2,500,0,0,1,1,1,0,0,0,1,0,0
600,8.1,1200,1,0,0,0,1,0,0,0,1,0,0
120,9.2,600,0,1,0,0,0,0,0,0,1,0,0
500,8.3,600,0,1,0,0,0,0,0,0,1,0,0
250,8.2,450,0,1,0,0,1,0,0,0,1,0,0
5000,9.1,850,0,0,0,1,0,0,0,1,0,0,0
250,7.3,500,1,0,1,0,1,0,0,0,1,0,0
350,7.4,500,1,0,1,0,0,0,0,0,1,0,0
100,7.0,180,1,0,0,0,1,0,0,0,1,0,0
100,7.0,180,1,0,0,0,1,0,0,0,1,0,0
28,10.0,290,0,0,0,0,0,0,1,0,0,0,0
6400,7.0,2400,1,0,1,0,0,0,0,0,0,1,0
100,7.8,350,0,0,0,0,0,0,1,0,0,0,0
1200,7.0,650,0,0,0,0,0,0,0,0,1,0,0
350,7.0,600,1,1,0,0,0,0,0,0,1,0,0
400,7.0,800,0,1,1,0,0,0,0,0,1,0,0
400,7.0,800,1,0,0,0,0,0,1,0,0,0,0
450,7.2,500,0,0,1,1,1,0,0,0,1,0,0
300,6.4,600,0,1,1,0,0,0,0,0,1,0,0
300,4.1,600,0,0,1,1,0,0,0,0,1,0,0
80,8.4,300,0,0,0,0,0,0,1,0,0,0,0
300,6.3,550,1,0,0,0,1,0,0,0,1,0,0
300,6.3,550,0,1,1,0,1,0,0,0,1,0,0
165,9.0,630,0,0,0,0,0,0,1,0,0,0,0
100,10.0,1050,0,0,1,0,0,0,1,0,0,0,0
10000,6.3,1000,0,0,1,0,0,0,0,1,0,0,0
90,10.0,1000,0,0,0,0,0,0,1,0,0,0,0
40000,0.0,1000,0,0,1,0,0,0,0,1,0,0,0
0,0.0,1000,0,0,1,0,0,0,0,1,0,0,0
500,0.0,950,1,0,1,0,0,0,0,0,1,0,0
400,0.0,950,0,0,1,1,0,0,0,0,1,0,0
120,0.0,450,0,0,0,0,0,0,1,0,0,0,0
240,6.6,1000,1,0,1,0,1,0,0,0,1,0,0
300,6.7,450,0,0,0,0,0,0,0,0,1,0,0
300,6.7,450,0,0,1,1,1,0,0,0,1,0,0
250,6.9,500,0,0,0,0,1,0,0,0,1,0,0
300,6.9,600,0,0,1,0,1,0,1,0,0,0,0
300,6.9,600,0,0,0,0,1,0,0,0,1,0,0
300,6.9,600,0,1,1,0,1,0,0,0,1,0,0
300,6.9,600,0,0,0,0,1,0,1,0,0,0,0
500,6.6,599,0,1,0,1,0,0,0,0,1,0,0
500,6.6,499,0,1,0,1,0,0,0,0,1,0,0
450,6.5,375,0,1,0,0,1,0,0,0,1,0,0
300,6.6,790,0,0,1,0,1,0,0,0,1,0,0
300,6.6,790,0,0,0,1,1,0,0,0,1,0,0
300,6.6,790,0,1,0,1,1,0,0,0,1,0,0
300,6.6,790,0,1,0,0,1,0,0,0,1,0,0
500,6.6,599,1,0,0,1,0,0,0,0,1,0,0
500,6.6,599,1,0,0,1,0,0,0,0,1,0,0
500,6.6,599,1,0,0,1,0,0,0,0,1,0,0
200,6.6,1323,0,0,1,0,0,0,0,0,1,0,0
200,6.6,1323,0,0,1,0,0,0,0,0,1,0,0
200,6.6,1323,0,0,0,0,0,0,0,0,1,0,0
200,6.6,1323,0,0,0,0,0,0,0,0,1,0,0
200,6.6,1323,0,0,0,0,0,0,0,0,1,0,0
200,6.6,1323,0,0,1,0,0,0,0,0,1,0,0
200,6.6,1323,0,0,0,0,0,0,0,0,1,0,0
200,6.6,1323,0,0,0,0,0,0,0,0,1,0,0
5000,8.6,1300,0,0,1,0,0,0,0,1,0,0,0
350,6.5,1000,0,0,0,0,0,0,0,0,1,0,0
7500,9.8,480,0,0,1,0,1,0,0,1,0,0,0
250,8.7,522,0,0,1,0,0,0,0,0,1,0,0
330,9.8,750,1,0,1,0,0,0,0,0,1,0,0
1000,6.8,800,0,0,1,0,0,0,0,1,0,0,0
450,6.9,1200,0,1,0,0,0,0,0,0,0,0,1
450,6.9,1200,0,0,1,0,0,0,0,0,0,0,1
450,6.9,1200,1,0,1,0,0,0,0,0,1,0,0
450,6.9,1200,0,0,0,1,0,0,0,0,1,0,0
450,6.9,1200,0,1,1,0,0,0,0,0,1,0,0
450,6.9,1500,0,1,0,0,0,0,0,0,0,0,1
450,6.9,1300,0,1,0,0,0,0,0,0,0,0,1
450,6.9,1500,0,0,1,1,0,0,0,0,0,0,1
400,6.9,550,0,0,1,0,0,0,0,0,1,0,0
450,7.5,550,0,1,0,0,1,0,0,0,1,0,0
250,7.7,599,1,0,0,0,1,0,0,0,1,0,0
400,6.9,550,0,1,0,0,0,0,0,0,1,0,0
250,6.5,500,1,1,0,0,1,0,0,0,1,0,0
450,6.7,350,0,1,1,0,0,0,0,0,1,0,0
450,6.7,349,1,1,0,0,0,0,0,0,1,0,0
350,7.0,1750,0,0,0,0,0,0,0,0,1,0,0
450,6.8,1150,1,1,1,0,0,0,0,0,1,0,0
300,6.8,750,1,0,0,0,1,0,0,0,1,0,0
5000,8.6,209,0,0,0,0,0,0,0,0,0,1,0
450,6.8,1150,0,0,0,1,0,0,0,0,1,0,0
150,6.8,700,1,0,1,0,0,0,0,0,1,0,0
30,8.9,475,0,0,1,0,0,0,1,0,0,0,0
300,9.1,1080,0,0,1,0,0,0,0,0,1,0,0
120,9.5,1100,0,0,0,0,0,0,1,0,0,0,0
500,9.8,900,1,0,0,0,1,0,0,0,1,0,0
400,0.0,1550,1,1,0,0,0,0,0,0,1,0,0
5000,0.0,900,0,0,1,0,0,0,0,1,0,0,0
600,0.0,500,0,1,1,0,0,0,0,0,1,0,0
4000,0.0,1680,0,0,1,0,0,0,0,1,0,0,0
390,7.7,550,0,0,0,1,1,0,0,0,1,0,0
400,6.2,950,0,0,1,1,1,0,0,0,1,0,0
400,6.2,950,0,1,1,0,1,0,0,0,1,0,0
400,6.2,950,0,0,1,0,1,0,0,0,1,0,0
400,6.2,950,0,0,1,0,1,0,0,0,1,0,0
200,8.0,300,1,0,1,0,1,0,0,0,1,0,0
250,6.3,450,0,0,1,0,1,0,0,0,1,0,0
300,8.2,300,0,1,1,0,0,0,0,0,1,0,0
300,9.0,600,0,0,1,1,0,0,0,1,0,0,0
8000,7.6,1000,0,0,1,0,1,0,0,1,0,0,0
300,8.2,280,1,0,1,1,1,0,0,0,1,0,0
250,9.2,3355,0,0,0,0,0,0,0,0,1,0,0
450,10.0,2400,1,1,0,0,0,0,0,0,1,0,0
300,8.4,700,1,0,1,0,0,0,0,0,1,0,0
60000,10.0,3160,0,1,0,0,0,0,0,0,0,1,0
380,10.0,700,1,0,0,0,0,0,0,0,1,0,0
500,6.4,1300,0,0,1,0,0,0,0,0,1,0,0
500,6.4,1300,1,1,0,0,0,0,0,0,1,0,0
350,6.4,1000,1,0,0,1,0,0,0,0,1,0,0
350,6.4,1000,0,0,1,1,0,0,0,0,1,0,0
75,8.5,676,0,0,0,0,0,0,1,0,0,0,0
45,5.5,250,0,0,0,0,0,0,1,0,0,0,0
320,6.3,1050,0,0,1,1,1,0,0,0,1,0,0
120,8.4,500,0,0,0,0,1,0,1,0,0,0,0
120,10.0,300,0,0,0,0,0,0,1,0,0,0,0
1800,10.0,5000,1,0,0,0,0,0,0,0,0,1,0
280,6.4,450,0,1,1,0,1,0,0,0,1,0,0
100,7.5,180,0,0,0,0,0,0,1,0,0,0,0
10000,6.3,1000,0,0,1,0,0,0,0,1,0,0,0
160,0.0,1140,0,0,0,0,0,0,1,0,0,0,0
160,0.0,850,0,0,0,0,0,0,1,0,0,0,0
10000,0.0,550,0,0,1,0,0,0,0,1,0,0,0
160,0.0,370,0,0,0,0,0,0,1,0,0,0,0
250,6.5,500,0,1,1,0,1,0,0,0,1,0,0
2000,6.7,500,0,0,0,1,0,0,0,1,0,0,0
350,8.0,600,1,0,1,0,0,0,0,0,1,0,0
700,7.7,400,0,1,1,0,1,0,0,0,1,0,0
3000,7.7,1300,0,0,0,1,1,0,0,1,0,0,0
450,8.8,499,0,1,0,1,1,0,0,0,1,0,0
500,7.4,1000,0,1,0,0,0,0,0,0,1,0,0
150,5.5,265,0,0,0,0,1,0,1,0,0,0,0
270,8.0,900,0,0,1,0,0,0,0,0,1,0,0
5000,9.1,650,0,0,0,1,0,0,0,1,0,0,0
450,9.8,1200,1,0,1,0,0,0,0,0,1,0,0
330,7.4,500,1,0,1,1,1,0,0,0,1,0,0
200,8.8,600,0,0,0,0,0,0,1,0,0,0,0
130,9.5,689,0,0,0,0,0,0,1,0,0,0,0
120,10.0,275,0,0,0,0,1,0,1,0,0,0,0
900,9.5,990,0,0,1,0,0,0,0,0,0,1,0
180,0.0,380,0,0,0,0,0,0,1,0,0,0,0
10000,0.0,1500,0,0,1,0,0,0,0,1,0,0,0
2600,0.0,800,0,0,1,0,0,0,0,1,0,0,0
50,0.0,300,0,0,1,0,0,0,1,0,0,0,0
1800,0.0,650,0,0,1,0,0,0,0,1,0,0,0
4000,10.0,2500,0,0,0,0,0,0,0,1,0,0,0
300,5.4,1000,0,0,1,0,1,0,0,0,1,0,0
280,5.4,1000,1,0,1,0,1,0,0,0,1,0,0
280,5.4,1500,1,0,1,0,1,0,0,0,1,0,0
300,5.1,800,0,1,1,0,1,0,0,0,1,0,0
300,5.1,800,0,0,1,0,1,0,0,0,1,0,0
250,7.7,599,0,0,1,0,1,0,0,0,1,0,0
250,7.3,500,1,0,1,0,1,0,0,0,1,0,0
350,9.1,800,1,1,0,1,0,0,0,0,1,0,0
300,8.4,700,1,0,0,1,0,0,0,0,1,0,0
120,7.0,180,1,0,1,0,1,0,0,0,1,0,0
750,9.9,1140,1,0,0,1,0,0,0,0,1,0,0
350,9.2,800,1,0,0,0,1,0,0,0,1,0,0
600,9.8,1100,0,0,1,0,1,0,0,0,1,0,0
300,5.3,500,1,0,1,0,0,0,0,0,1,0,0
4900,8.2,650,0,0,1,0,0,0,0,1,0,0,0
2000,0.0,1000,0,0,1,1,0,0,0,1,0,0,0
1200,9.9,1500,0,0,0,1,0,0,0,0,0,0,1
400,8.8,800,1,0,1,0,1,0,0,0,1,0,0
525,0.0,1538,1,0,0,0,0,0,0,0,1,0,0
1500,9.9,1500,0,0,0,1,0,0,0,0,0,1,0
450,10.0,3000,0,0,1,0,0,0,0,0,0,0,1
400,8.9,1000,1,0,1,0,0,0,0,0,1,0,0
300,7.9,550,1,1,1,0,0,0,0,0,1,0,0
150,9.9,1200,0,0,0,0,0,0,1,0,0,0,0
330,10.0,1000,0,0,0,0,1,0,0,0,1,0,0
150,8.4,600,0,0,0,0,0,0,1,0,0,0,0
150,10.0,350,0,0,1,0,0,0,1,0,0,0,0
300,4.1,700,1,0,1,0,0,0,0,0,1,0,0
2000,0.0,1000,0,0,1,0,0,0,0,1,0,0,0
5000,0.0,1000,0,0,1,0,0,0,0,1,0,0,0
169,0.0,1200,0,0,0,0,0,0,1,0,0,0,0
2600,0.0,800,0,0,1,0,0,0,0,1,0,0,0
300,8.0,500,0,0,0,0,1,0,1,0,0,0,0
220,7.2,449,0,1,0,0,1,0,0,0,1,0,0
250,6.3,450,0,0,1,0,1,0,0,0,1,0,0
2000,0.0,500,0,0,0,1,0,0,0,1,0,0,0
11000,8.2,4000,0,0,0,1,0,0,0,0,0,0,1
600,9.1,2000,1,1,1,0,0,0,0,0,1,0,0
80,7.0,180,1,1,0,0,1,0,0,0,1,0,0
100,9.9,1288,0,0,0,0,0,0,1,0,0,0,0
175,0.0,400,0,0,0,0,1,0,1,0,0,0,0
175,0.0,400,0,0,0,0,1,0,1,0,0,0,0
120,0.0,200,0,0,0,0,1,0,1,0,0,0,0
3000,0.0,495,0,0,1,0,0,0,0,1,0,0,0
400,7.7,800,0,1,0,0,0,0,0,0,1,0,0
1500,6.9,850,0,0,0,1,1,0,0,0,0,1,0
300,6.5,375,1,0,1,0,1,0,0,0,1,0,0
700,7.7,400,0,0,1,0,1,0,1,0,0,0,0
4250,0.0,3599,0,0,1,0,0,0,0,0,0,0,1
35,8.9,800,0,0,0,0,0,0,1,0,0,0,0
26,9.1,290,0,0,1,0,0,0,1,0,0,0,0
300,0.0,900,1,0,1,0,0,0,0,0,1,0,0
180,0.0,550,0,0,0,0,0,0,1,0,0,0,0
450,8.1,1100,0,1,0,0,0,0,0,0,1,0,0
300,6.6,650,0,0,0,1,1,0,0,0,1,0,0
8000,7.2,450,0,1,0,0,0,0,0,0,0,1,0
450,8.0,500,1,1,0,1,0,0,0,0,1,0,0
200,10.0,650,0,0,0,0,1,0,1,0,0,0,0
300,0.0,650,0,0,0,0,0,0,1,0,0,0,0
300,0.0,800,0,0,1,1,0,0,0,0,1,0,0
300,0.0,900,0,0,0,0,0,0,0,0,1,0,0
300,0.0,800,1,0,1,0,0,0,0,0,1,0,0
5000,0.0,700,0,0,1,0,0,0,0,1,0,0,0
1000,0.0,900,0,0,1,0,0,0,0,1,0,0,0
1000,0.0,900,0,0,1,0,0,0,0,1,0,0,0
20,0.0,120,0,0,1,0,0,0,1,0,0,0,0
250,6.7,450,1,1,0,0,0,0,0,0,1,0,0
300,6.9,600,0,0,1,0,1,0,0,0,1,0,0
500,7.7,400,0,1,0,0,1,0,1,0,0,0,0
500,7.7,400,0,0,1,0,1,0,0,0,1,0,0
70,1.8,280,0,0,0,0,0,0,1,0,0,0,0
150,0.0,650,0,0,0,0,0,0,1,0,0,0,0
200,6.3,500,1,0,0,0,1,0,0,0,1,0,0
5000,0.0,3000,0,0,1,0,0,0,0,0,0,1,0
300,0.0,450,1,0,1,0,1,0,0,0,1,0,0
280,6.4,350,1,0,1,0,1,0,0,0,1,0,0
550,2.3,550,1,0,1,0,0,0,0,0,1,0,0
70,6.0,300,0,0,0,0,0,0,1,0,0,0,0
1000,0.0,700,1,0,1,0,0,0,0,0,1,0,0
150,0.0,500,0,0,0,0,0,0,1,0,0,0,0
100,0.0,600,0,0,0,0,0,0,1,0,0,0,0
30,0.0,400,0,0,0,0,0,0,1,0,0,0,0
20000,0.0,2300,0,0,1,0,0,0,0,1,0,0,0
300,6.9,600,0,0,0,1,1,0,0,0,1,0,0
500,6.6,599,1,0,0,1,0,0,0,0,1,0,0
200,6.6,1323,0,0,0,0,0,0,0,0,1,0,0
400,6.9,550,0,0,1,0,0,0,0,0,1,0,0
50,1.8,200,0,0,0,0,0,0,1,0,0,0,0
8000,0.0,2500,0,0,1,0,0,0,0,1,0,0,0
350,0.0,1000,0,1,1,0,1,0,0,0,1,0,0
27000,0.0,3000,0,1,0,0,0,0,0,0,0,1,0
1000,5.0,1000,0,0,0,1,0,0,0,1,0,0,0
2000,0.0,500,0,0,1,0,0,0,0,1,0,0,0
1000,0.0,900,0,0,0,1,0,0,0,1,0,0,0
700,6.3,750,0,1,1,0,1,0,0,0,1,0,0
150,0.0,1000,0,0,0,0,0,0,1,0,0,0,0
100,0.0,575,0,0,0,0,1,0,1,0,0,0,0
1250,0.0,1500,1,0,1,0,0,0,0,0,1,0,0
250,0.0,880,0,0,1,0,0,0,0,0,1,0,0
250,0.0,880,1,0,1,0,0,0,0,0,1,0,0
205,0.0,1700,0,0,0,0,0,0,0,0,1,0,0
175,0.0,850,0,0,0,0,1,0,1,0,0,0,0
5000,0.0,800,0,0,0,0,0,0,0,1,0,0,0
2000,0.0,850,0,1,1,0,0,0,0,1,0,0,0
110,0.0,1180,0,0,0,0,0,0,1,0,0,0,0
155,0.0,1140,0,0,0,0,0,0,1,0,0,0,0
460,0.0,4000,0,0,1,0,0,0,0,0,1,0,0
350,0.0,1200,0,1,0,0,1,0,0,0,1,0,0
550,0.0,1000,1,1,0,0,0,0,0,0,1,0,0
450,0.0,1000,0,1,0,1,0,0,0,0,1,0,0
18000,0.0,3500,0,1,0,0,1,0,0,0,0,1,0
5000,0.0,1800,0,0,1,0,0,0,0,1,0,0,0
5000,0.0,1800,0,0,1,0,0,0,0,1,0,0,0
120,0.0,165,0,0,0,0,0,0,1,0,0,0,0
50,0.0,149,0,0,1,0,1,0,1,0,0,0,0
2000,0.0,1200,0,0,1,1,0,0,0,1,0,0,0
10000,0.0,800,0,0,0,1,0,0,0,1,0,0,0
1300,0.0,1600,1,0,1,1,0,0,0,0,1,0,0
460,0.0,800,1,0,1,0,0,0,0,0,1,0,0
460,0.0,800,1,0,1,0,0,0,0,0,1,0,0
460,0.0,800,1,0,1,0,0,0,0,0,1,0,0
225,0.0,600,1,1,1,0,0,0,0,0,1,0,0
300,0.0,600,1,0,1,0,0,0,0,0,1,0,0
800,0.0,950,0,1,1,0,1,0,0,0,0,1,0
800,0.0,950,0,0,1,0,0,0,0,0,0,1,0
3000,0.0,6500,0,0,0,0,0,0,0,0,0,1,0
350,0.0,850,0,1,0,0,0,0,0,0,1,0,0
100,0.0,700,0,0,0,0,0,0,1,0,0,0,0
600,0.0,1500,1,0,1,0,0,0,0,0,1,0,0
1100,0.0,3000,1,0,1,0,0,0,0,0,0,1,0
1500,0.0,1200,0,1,1,0,1,0,0,0,0,1,0
2500,0.0,3000,1,1,0,0,0,0,0,0,1,0,0
725,0.0,900,0,1,1,0,1,0,0,0,0,1,0
4000,0.0,1000,0,0,1,1,0,0,0,0,0,1,0
450,0.0,850,0,0,0,1,0,0,0,0,1,0,0
140,0.0,1250,0,0,0,0,0,0,1,0,0,0,0
145,0.0,1000,0,0,0,0,0,0,1,0,0,0,0
1200,0.0,1100,0,0,0,0,0,0,0,0,1,0,0
100,0.0,1100,0,0,0,0,0,0,1,0,0,0,0
750,0.0,5000,0,0,1,0,0,0,0,0,0,1,0
300,4.1,600,1,0,1,0,0,0,0,0,1,0,0
50000,0.0,2000,0,0,0,0,0,0,0,1,0,0,0
75,0.0,350,0,0,0,0,1,0,1,0,0,0,0
75,0.0,350,0,0,0,0,1,0,1,0,0,0,0
75,0.0,350,0,0,0,0,1,0,1,0,0,0,0
480,0.0,300,1,0,1,0,0,0,0,0,1,0,0
600,0.0,400,0,1,1,0,0,0,0,0,1,0,0
7400,0.0,2000,0,1,0,0,0,0,0,0,0,1,0
850,0.0,1955,0,0,0,0,0,0,0,0,1,0,0
70,0.0,400,0,0,0,0,0,0,1,0,0,0,0
600,0.0,680,0,1,0,0,0,0,0,0,0,1,0
90,0.0,1600,0,0,0,0,0,0,1,0,0,0,0
100,0.0,280,0,0,0,0,0,0,1,0,0,0,0
500,0.0,700,0,1,0,1,0,0,0,0,1,0,0
500,0.0,700,0,1,1,0,0,0,0,0,1,0,0
500,0.0,750,1,1,0,0,0,0,0,0,1,0,0
10000,0.0,1800,0,0,1,0,1,0,0,0,0,1,0
130,0.0,450,0,0,0,0,0,0,1,0,0,0,0
45,0.0,1000,0,0,0,0,0,0,1,0,0,0,0
300,0.0,550,0,0,1,0,0,0,0,0,1,0,0
300,0.0,550,1,0,1,0,0,0,0,0,1,0,0
300,0.0,550,1,0,1,0,0,0,0,0,1,0,0
4500,0.0,1600,0,0,1,0,0,0,0,1,0,0,0
42,0.0,900,0,0,0,0,0,0,1,0,0,0,0
1500,0.0,700,0,0,0,1,0,0,0,0,0,1,0
90,0.0,770,0,0,0,0,0,0,1,0,0,0,0
1500,0.0,908,0,0,1,1,0,0,0,1,0,0,0
155,0.0,1140,0,0,0,0,0,0,1,0,0,0,0
850,0.0,1955,1,0,1,0,0,0,0,0,1,0,0
850,0.0,1955,0,0,1,0,0,0,0,0,1,0,0
550,0.0,1380,1,0,0,0,0,0,1,0,0,0,0
550,0.0,1380,0,0,1,0,0,0,0,0,1,0,0
10000,0.0,1300,0,0,0,0,0,0,0,1,0,0,0
400,0.0,370,0,0,1,1,0,0,0,0,1,0,0
7000,0.0,2000,0,0,0,0,0,0,0,1,0,0,0
200,0.0,2000,0,0,1,0,0,0,1,0,0,0,0
15000,0.0,450,0,0,0,0,0,0,0,1,0,0,0
5000,0.0,900,0,0,0,0,0,0,0,1,0,0,0
300,0.0,650,0,1,0,1,1,0,0,0,1,0,0
600,0.0,700,1,0,1,0,0,0,0,0,1,0,0
130,0.0,1250,0,0,0,0,0,0,1,0,0,0,0
500,0.0,600,0,1,1,0,0,0,0,0,1,0,0
850,0.0,1000,0,0,1,1,0,0,0,0,1,0,0
600,0.0,700,0,0,1,0,0,0,0,0,1,0,0
500,0.0,600,1,0,1,0,0,0,0,0,1,0,0
3000,0.0,800,0,0,1,0,0,0,0,1,0,0,0
2000,0.0,599,0,0,1,0,0,0,0,1,0,0,0
200,0.0,500,0,0,1,0,0,0,1,0,0,0,0
80,0.0,600,0,0,0,0,0,0,1,0,0,0,0
2500,0.0,1352,0,0,0,0,0,0,0,0,0,1,0
2000,4.9,600,0,1,0,0,0,0,0,0,0,1,0
133,0.0,1200,0,0,0,0,0,0,1,0,0,0,0
30,0.0,350,0,0,0,0,0,0,1,0,0,0,0
120,0.0,260,0,0,0,0,0,0,1,0,0,0,0
6000,0.0,1300,0,0,0,1,0,0,0,1,0,0,0
30000,9.5,950,0,0,1,0,0,0,0,1,0,0,0
180,0.0,820,0,0,0,0,0,0,1,0,0,0,0
90,0.0,2000,0,0,0,0,0,0,1,0,0,0,0
175,0.0,850,0,0,0,0,1,0,1,0,0,0,0
175,0.0,850,0,0,0,0,1,0,1,0,0,0,0
200,0.0,700,0,0,0,0,0,1,1,0,0,0,0
100,0.0,550,0,0,0,0,0,0,1,0,0,0,0
100,0.0,250,0,0,0,0,0,0,1,0,0,0,0
200,0.0,249,0,0,0,0,0,0,1,0,0,0,0
175,0.0,400,0,0,0,0,1,0,1,0,0,0,0
1000,4.8,800,0,0,1,1,1,0,0,1,0,0,0
2000,0.0,1200,0,0,0,1,0,0,0,1,0,0,0
200,7.1,390,0,0,0,0,0,0,1,0,0,0,0
